"Date,""heat_index"",""humidity"",""NH3_rate"",""sensorId"",""temperature"",""temperaturext"""
"2025-11-29T10:48:32Z,""26.82231"",""50.5"",""0.000087206"",""node_01"",""26.3"",""29.625"""
"2025-11-29T10:37:49Z,""26.10741"",""51.4"",""0.000087206"",""node_01"",""26.1"",""30.1875"""
"2025-11-29T10:27:23Z,""26.01569"",""52.1"",""0.000002033830708"",""node_01"",""26"",""30.1875"""
"2025-11-29T10:16:43Z,""25.9553"",""54"",""0.000052182"",""node_01"",""25.9"",""30.6875"""
"2025-11-29T10:06:16Z,""25.79013"",""56.1"",""0.000087206"",""node_01"",""25.7"",""31.4375"""
"2025-11-29T09:55:46Z,""25.60408"",""57.4"",""0.000052182"",""node_01"",""25.5"",""30.625"""
"2025-11-29T09:45:07Z,""25.51497"",""58.2"",""0.00002887"",""node_01"",""25.4"",""31.1875"""
"2025-11-29T09:34:07Z,""25.31586"",""59"",""0.00002887"",""node_01"",""25.2"",""29.25"""
"2025-11-29T09:23:09Z,""25.23719"",""60.2"",""0.000087206"",""node_01"",""25.1"",""29.125"""
"2025-11-29T09:12:43Z,""25.16636"",""61.7"",""0.00002887"",""node_01"",""25"",""29.125"""
"2025-11-29T09:02:03Z,""25.09031"",""63"",""0.00001435"",""node_01"",""24.9"",""27.9375"""
"2025-11-29T08:51:29Z,""25.0012"",""63.8"",""0.00001435"",""node_01"",""24.8"",""27.25"""
"2025-11-29T08:40:44Z,""24.91731"",""64.8"",""0.000206102"",""node_01"",""24.7"",""26.625"""
"2025-11-29T08:30:28Z,""24.82036"",""65.3"",""0.00000610765987"",""node_01"",""24.6"",""24.5"""
"2025-11-29T08:19:49Z,""24.8282"",""65.6"",""0.00002887"",""node_01"",""24.6"",""22.5625"""
"2025-11-29T08:09:21Z,""24.83342"",""65.8"",""0.00000003084331253"",""node_01"",""24.6"",""21.5"""
"2025-11-29T07:58:33Z,""24.83342"",""65.8"",""0.000206102"",""node_01"",""24.6"",""21"""
"2025-11-29T07:47:54Z,""24.94081"",""65.7"",""0.00000610765987"",""node_01"",""24.7"",""20.9375"""
"2025-11-29T07:37:14Z,""24.93819"",""65.6"",""0.001274888"",""node_01"",""24.7"",""20.5625"""
"2025-11-29T07:26:47Z,""25.0508"",""65.7"",""0.000087206"",""node_01"",""24.8"",""20.5"""
"2025-11-29T07:16:19Z,""25.05603"",""65.9"",""0.000052182"",""node_01"",""24.8"",""20.5625"""
"2025-11-29T07:05:52Z,""25.16603"",""65.9"",""0.00001435"",""node_01"",""24.9"",""20.75"""
"2025-11-29T06:55:26Z,""25.16864"",""66"",""0.006245971"",""node_01"",""24.9"",""20.75"""
"2025-11-29T06:43:52Z,""25.17125"",""66.1"",""0.002018781"",""node_01"",""24.9"",""20.9375"""
"2025-11-29T06:33:25Z,""25.27341"",""65.8"",""0.000052182"",""node_01"",""25"",""20.9375"""
"2025-11-29T06:22:57Z,""25.2708"",""65.7"",""0"",""node_01"",""25"",""21.0625"""
"2025-11-29T06:12:31Z,""25.3808"",""65.7"",""0.00000610765987"",""node_01"",""25.1"",""21.125"""
"2025-11-29T06:02:03Z,""25.37036"",""65.3"",""0.000568779"",""node_01"",""25.1"",""21"""
"2025-11-29T05:51:36Z,""25.48035"",""65.3"",""0.000137268"",""node_01"",""25.2"",""21.1875"""
"2025-11-29T05:41:09Z,""25.58513"",""65.1"",""0.002018781"",""node_01"",""25.3"",""21.0625"""
"2025-11-29T05:30:29Z,""25.57991"",""64.9"",""0.000417086"",""node_01"",""25.3"",""21.25"""
"2025-11-29T05:19:50Z,""25.57469"",""64.7"",""0.000087206"",""node_01"",""25.3"",""21.5"""
"2025-11-29T05:09:11Z,""25.67947"",""64.5"",""0.0000004327743006"",""node_01"",""25.4"",""21.5625"""
"2025-11-29T04:58:32Z,""25.67686"",""64.4"",""0.00000610765987"",""node_01"",""25.4"",""21.6875"""
"2025-11-29T04:47:58Z,""25.78163"",""64.2"",""0.000087206"",""node_01"",""25.5"",""21.75"""
"2025-11-29T04:37:38Z,""25.77119"",""63.8"",""0.000417086"",""node_01"",""25.5"",""21.8125"""
"2025-11-29T04:26:58Z,""25.87335"",""63.5"",""0.00001435"",""node_01"",""25.6"",""21.6875"""
"2025-11-29T04:16:31Z,""25.97291"",""63.1"",""0"",""node_01"",""25.7"",""21.8125"""
"2025-11-29T04:05:52Z,""26.0829"",""63.1"",""0.000206102"",""node_01"",""25.8"",""21.6875"""
"2025-11-29T03:54:52Z,""26.91971"",""62.9"",""0"",""node_01"",""25.9"",""21.75"""
"2025-11-29T03:44:33Z,""26.90981"",""62.6"",""0.000052182"",""node_01"",""25.9"",""22"""
"2025-11-29T03:33:54Z,""27.00775"",""62.2"",""0.00002887"",""node_01"",""26"",""21.8125"""
"2025-11-29T03:23:28Z,""27.10103"",""61.7"",""0.00001435"",""node_01"",""26.1"",""21.875"""
"2025-11-29T03:12:49Z,""27.17555"",""60.8"",""0.00002887"",""node_01"",""26.2"",""21.6875"""
"2025-11-29T03:01:57Z,""27.1625"",""60.5"",""0.00002887"",""node_01"",""26.2"",""21.6875"""
"2025-11-29T02:51:30Z,""27.15381"",""60.3"",""0.002018781"",""node_01"",""26.2"",""21.75"""
"2025-11-29T02:40:35Z,""27.25078"",""60"",""0.000417086"",""node_01"",""26.3"",""21.8125"""
"2025-11-29T02:29:55Z,""27.23676"",""59.7"",""0.000087206"",""node_01"",""26.3"",""22"""
"2025-11-29T02:19:28Z,""27.31786"",""59.1"",""0.000087206"",""node_01"",""26.4"",""21.875"""
"2025-11-29T02:09:01Z,""27.17176"",""58.3"",""0.00000610765987"",""node_01"",""26.3"",""22.0625"""
"2025-11-29T01:58:35Z,""27.22397"",""57.2"",""0.00002887"",""node_01"",""26.4"",""22.25"""
"2025-11-29T01:48:01Z,""27.21419"",""57"",""0.000087206"",""node_01"",""26.4"",""22.0625"""
"2025-11-29T01:37:41Z,""27.30799"",""56.8"",""0.00000610765987"",""node_01"",""26.5"",""22.1875"""
"2025-11-29T01:27:15Z,""27.31318"",""56.9"",""0.000137268"",""node_01"",""26.5"",""22.25"""
"2025-11-29T01:16:49Z,""27.50956"",""56.6"",""0"",""node_01"",""26.7"",""22.25"""
"2025-11-29T01:06:21Z,""27.58792"",""56.1"",""0.000206102"",""node_01"",""26.8"",""22.125"""
"2025-11-29T00:55:54Z,""27.55143"",""55.5"",""0.000087206"",""node_01"",""26.8"",""22.25"""
"2025-11-29T00:45:26Z,""27.62084"",""54.9"",""0.000137268"",""node_01"",""26.9"",""22.1875"""
"2025-11-29T00:34:56Z,""27.5894"",""54.4"",""0.00000610765987"",""node_01"",""26.9"",""22.1875"""
"2025-11-29T00:24:08Z,""27.77588"",""54"",""0.000052182"",""node_01"",""27.1"",""22.1875"""
"2025-11-29T00:13:48Z,""27.77588"",""54"",""0.000052182"",""node_01"",""27.1"",""22.25"""
"2025-11-29T00:03:22Z,""27.75541"",""53.7"",""0.000087206"",""node_01"",""27.1"",""22.25"""
"2025-11-28T23:52:43Z,""27.83475"",""53.3"",""0.000758342"",""node_01"",""27.2"",""22.25"""
"2025-11-28T23:42:17Z,""27.82065"",""53.1"",""0.00002887"",""node_01"",""27.2"",""22.125"""
"2025-11-28T23:31:51Z,""27.90644"",""52.8"",""0.000087206"",""node_01"",""27.3"",""22.0625"""
"2025-11-28T23:21:25Z,""28.01517"",""52.8"",""0.000087206"",""node_01"",""27.4"",""22.25"""
"2025-11-28T23:11:00Z,""28.02279"",""52.9"",""0.000087206"",""node_01"",""27.4"",""22.125"""
"2025-11-28T23:00:34Z,""28.13372"",""52.9"",""0.00000610765987"",""node_01"",""27.5"",""22.1875"""
"2025-11-28T22:48:07Z,""28.13372"",""52.9"",""0.00000610765987"",""node_01"",""27.5"",""22.25"""
"2025-11-28T22:37:28Z,""28.24654"",""52.9"",""0.000137268"",""node_01"",""27.6"",""22.25"""
"2025-11-28T22:27:02Z,""28.36125"",""52.9"",""0.00002887"",""node_01"",""27.7"",""22.4375"""
"2025-11-28T22:15:58Z,""28.36125"",""52.9"",""0.00001435"",""node_01"",""27.7"",""22.625"""
"2025-11-28T22:05:33Z,""28.47786"",""52.9"",""0"",""node_01"",""27.8"",""22.5625"""
"2025-11-28T21:55:07Z,""28.57796"",""52.7"",""0.000137268"",""node_01"",""27.9"",""22.4375"""
"2025-11-28T21:44:34Z,""28.56879"",""52.6"",""0.00001435"",""node_01"",""27.9"",""22.5"""
"2025-11-28T21:34:14Z,""28.65041"",""52.2"",""0.002018781"",""node_01"",""28"",""22.5"""
"2025-11-28T21:23:48Z,""28.86215"",""51.9"",""0"",""node_01"",""28.2"",""22.5"""
"2025-11-28T21:13:06Z,""28.84222"",""51.7"",""0.00001435"",""node_01"",""28.2"",""22.6875"""
"2025-11-28T21:02:40Z,""28.92338"",""51.3"",""0.000002033830708"",""node_01"",""28.3"",""22.5"""
"2025-11-28T20:51:32Z,""29.05647"",""51.4"",""0.00002887"",""node_01"",""28.4"",""22.5"""
"2025-11-28T20:41:07Z,""29.03547"",""51.2"",""0.00002887"",""node_01"",""28.4"",""22.4375"""
"2025-11-28T20:30:35Z,""29.2191"",""50.6"",""0.000297855"",""node_01"",""28.6"",""22.5625"""
"2025-11-28T20:19:49Z,""29.31103"",""50.3"",""0.0000004327743006"",""node_01"",""28.7"",""22.625"""
"2025-11-28T20:09:02Z,""29.54216"",""50.1"",""0.002018781"",""node_01"",""28.9"",""22.625"""
"2025-11-28T19:58:18Z,""29.62319"",""49.7"",""0.00002887"",""node_01"",""29"",""23.1875"""
"2025-11-28T19:47:50Z,""29.6794"",""49.1"",""0.00001435"",""node_01"",""29.1"",""23.625"""
"2025-11-28T19:37:24Z,""29.87655"",""48.6"",""0.000137268"",""node_01"",""29.3"",""23.6875"""
"2025-11-28T19:26:33Z,""29.94334"",""48.1"",""0.00000610765987"",""node_01"",""29.4"",""24.1875"""
"2025-11-28T19:15:54Z,""30.07476"",""47.1"",""0.000052182"",""node_01"",""29.6"",""23.9375"""
"2025-11-28T19:05:26Z,""30.15018"",""45.7"",""0.000002033830708"",""node_01"",""29.8"",""24.5625"""
"2025-11-28T18:54:34Z,""30.13365"",""44.6"",""0.00000610765987"",""node_01"",""29.9"",""24.875"""
"2025-11-28T18:43:43Z,""30.28307"",""43.8"",""0.00002887"",""node_01"",""30.1"",""25.25"""
"2025-11-28T18:33:17Z,""30.29015"",""42.9"",""0.000002033830708"",""node_01"",""30.2"",""25.75"""
"2025-11-28T18:22:51Z,""30.33665"",""42.3"",""0.00002887"",""node_01"",""30.3"",""26.1875"""
"2025-11-28T18:12:13Z,""30.36917"",""41.6"",""0.00002887"",""node_01"",""30.4"",""26.8125"""
"2025-11-28T17:59:52Z,""30.43653"",""42.1"",""0.001274888"",""node_01"",""30.4"",""27.4375"""
"2025-11-28T17:49:26Z,""30.55066"",""42"",""0.00000610765987"",""node_01"",""30.5"",""28.125"""
"2025-11-28T17:38:41Z,""30.67985"",""42"",""0.000087206"",""node_01"",""30.6"",""28.8125"""
"2025-11-28T17:28:21Z,""30.62357"",""41.6"",""0.00002887"",""node_01"",""30.6"",""29.0625"""
"2025-11-28T17:17:43Z,""30.75297"",""41.6"",""0.0000004327743006"",""node_01"",""30.7"",""29.25"""
"2025-11-28T17:07:04Z,""30.91316"",""41.8"",""0.000137268"",""node_01"",""30.8"",""29.4375"""
"2025-11-28T16:56:37Z,""30.7971"",""41"",""0"",""node_01"",""30.8"",""30.5625"""
"2025-11-28T16:46:11Z,""30.95752"",""42.1"",""0.000206102"",""node_01"",""30.8"",""32.1875"""
"2025-11-28T16:35:45Z,""31.12197"",""42.3"",""0.00000610765987"",""node_01"",""30.9"",""33.1875"""
"2025-11-28T16:24:54Z,""31.07632"",""42"",""0.000087206"",""node_01"",""30.9"",""31.375"""
"2025-11-28T16:13:50Z,""30.94217"",""41.1"",""0.000297855"",""node_01"",""30.9"",""31.5"""
"2025-11-28T16:01:49Z,""30.92752"",""41"",""0.00000610765987"",""node_01"",""30.9"",""31.875"""
"2025-11-28T15:50:55Z,""30.82642"",""40.3"",""0.00000610765987"",""node_01"",""30.9"",""32.25"""
"2025-11-28T15:40:10Z,""30.67502"",""38.3"",""0.000417086"",""node_01"",""31"",""32.5625"""
"2025-11-28T15:29:31Z,""29.96815"",""32.4"",""0"",""node_01"",""31"",""33.3125"""
"2025-11-28T15:18:52Z,""29.83694"",""31.1"",""0.000568779"",""node_01"",""31"",""34.25"""
"2025-11-28T15:07:48Z,""29.94303"",""31.1"",""0.00000610765987"",""node_01"",""31.1"",""35.4375"""
"2025-11-28T14:56:44Z,""29.77044"",""31.5"",""0.00001435"",""node_01"",""30.9"",""34.875"""
"2025-11-28T14:45:39Z,""29.62794"",""31.1"",""0.00002887"",""node_01"",""30.8"",""34.625"""
"2025-11-28T14:34:52Z,""29.45381"",""30.3"",""0.000052182"",""node_01"",""30.7"",""35.5625"""
"2025-11-28T14:24:06Z,""29.40549"",""30.9"",""0.000087206"",""node_01"",""30.6"",""34.0625"""
"2025-11-28T14:13:14Z,""29.3009"",""32"",""0.00000610765987"",""node_01"",""30.4"",""36.8125"""
"2025-11-28T14:02:47Z,""29.21789"",""32.2"",""0.0000004327743006"",""node_01"",""30.3"",""37.5625"""
"2025-11-28T13:52:17Z,""29.03625"",""32.4"",""0.00000610765987"",""node_01"",""30.1"",""36.9375"""
"2025-11-28T13:41:47Z,""28.91365"",""32.1"",""0.000002033830708"",""node_01"",""30"",""36.3125"""
"2025-11-28T13:31:16Z,""28.72184"",""33.3"",""0.000052182"",""node_01"",""29.7"",""35.9375"""
"2025-11-28T13:20:45Z,""28.42471"",""33.1"",""0.00002887"",""node_01"",""29.4"",""35.1875"""
"2025-11-28T13:10:18Z,""28.33767"",""34.4"",""0.000087206"",""node_01"",""29.2"",""34.75"""
"2025-11-28T12:59:40Z,""28.095"",""34.8"",""0.000002033830708"",""node_01"",""28.9"",""35.6875"""
"2025-11-28T12:49:12Z,""27.97392"",""35.6"",""0.00000003084331253"",""node_01"",""28.7"",""34"""
"2025-11-28T12:38:44Z,""27.90689"",""35.9"",""0.000206102"",""node_01"",""28.6"",""37"""
"2025-11-28T12:28:17Z,""27.75421"",""36.2"",""0.000137268"",""node_01"",""28.4"",""34.6875"""
"2025-11-28T12:17:25Z,""27.59764"",""37.7"",""0.00001435"",""node_01"",""28.1"",""34.0625"""
"2025-11-28T12:06:58Z,""27.28291"",""37.9"",""0.000087206"",""node_01"",""27.7"",""33.125"""
"2025-11-28T11:56:25Z,""27.16585"",""38.6"",""0.00002887"",""node_01"",""27.5"",""33.0625"""
"2025-11-28T11:46:04Z,""27.09425"",""38.7"",""0.000206102"",""node_01"",""27.4"",""31.25"""
"2025-11-28T11:35:37Z,""26.91618"",""39.6"",""0.00001435"",""node_01"",""27.1"",""30.875"""
"2025-11-28T11:24:58Z,""26.78571"",""39.9"",""0.000002033830708"",""node_01"",""26.9"",""30.5625"""
"2025-11-28T11:14:18Z,""26.7668"",""41"",""0.000052182"",""node_01"",""26.8"",""31"""
"2025-11-28T11:00:54Z,""26.6911"",""40.9"",""0.000087206"",""node_01"",""26.7"",""30.6875"""
"2025-11-28T10:50:03Z,""26.6709"",""42"",""0.000206102"",""node_01"",""26.6"",""30.25"""
"2025-11-28T10:39:36Z,""26.54966"",""42.4"",""0.00000610765987"",""node_01"",""26.4"",""29.8125"""
"2025-11-28T10:29:10Z,""26.0033"",""43.2"",""0.00000610765987"",""node_01"",""26.2"",""31.4375"""
"2025-11-28T10:18:36Z,""25.91419"",""44"",""0.000137268"",""node_01"",""26.1"",""30.25"""
"2025-11-28T10:08:17Z,""25.72813"",""45.3"",""0"",""node_01"",""25.9"",""31.125"""
"2025-11-28T09:57:51Z,""25.53947"",""46.5"",""0.000002033830708"",""node_01"",""25.7"",""30.3125"""
"2025-11-28T09:47:16Z,""25.35081"",""47.7"",""0.00002887"",""node_01"",""25.5"",""29.3125"""
"2025-11-28T09:36:53Z,""25.30608"",""50.2"",""0.000052182"",""node_01"",""25.4"",""31.1875"""
"2025-11-28T09:26:20Z,""25.12264"",""51.6"",""0.000087206"",""node_01"",""25.2"",""28.8125"""
"2025-11-28T09:16:00Z,""25.03092"",""52.3"",""0.00000610765987"",""node_01"",""25.1"",""28"""
"2025-11-28T09:04:55Z,""24.96531"",""54"",""0.00001435"",""node_01"",""25"",""26.625"""
"2025-11-28T08:54:29Z,""24.89447"",""55.5"",""0.000052182"",""node_01"",""24.9"",""26.25"""
"2025-11-28T08:43:25Z,""24.93886"",""57.2"",""0.00002887"",""node_01"",""24.9"",""24.375"""
"2025-11-28T08:32:59Z,""24.84975"",""58"",""0.00000610765987"",""node_01"",""24.8"",""24.6875"""
"2025-11-28T08:22:20Z,""24.87325"",""58.9"",""0.000002033830708"",""node_01"",""24.8"",""22.75"""
"2025-11-28T08:11:54Z,""24.80764"",""60.6"",""0"",""node_01"",""24.7"",""22.125"""
"2025-11-28T08:01:26Z,""24.82853"",""61.4"",""0.000002033830708"",""node_01"",""24.7"",""21.5625"""
"2025-11-28T07:50:27Z,""24.83114"",""61.5"",""0.000137268"",""node_01"",""24.7"",""21.125"""
"2025-11-28T07:40:01Z,""24.83114"",""61.5"",""0.000087206"",""node_01"",""24.7"",""20.75"""
"2025-11-28T07:29:40Z,""24.94114"",""61.5"",""0.00000610765987"",""node_01"",""24.8"",""20.625"""
"2025-11-28T07:18:45Z,""25.04069"",""61.1"",""0.00000610765987"",""node_01"",""24.9"",""20.5"""
"2025-11-28T07:08:06Z,""25.03547"",""60.9"",""0.000087206"",""node_01"",""24.9"",""20.4375"""
"2025-11-28T06:57:35Z,""25.1298"",""60.3"",""0.000206102"",""node_01"",""25"",""20.4375"""
"2025-11-28T06:46:44Z,""25.22675"",""59.8"",""0.000052182"",""node_01"",""25.1"",""20.5625"""
"2025-11-28T06:36:17Z,""25.21369"",""59.3"",""0.001274888"",""node_01"",""25.1"",""20.6875"""
"2025-11-28T06:25:39Z,""25.31325"",""58.9"",""0.00001435"",""node_01"",""25.2"",""20.8125"""
"2025-11-28T06:15:00Z,""25.30541"",""58.6"",""0.00001435"",""node_01"",""25.2"",""20.875"""
"2025-11-28T06:04:21Z,""25.39453"",""57.8"",""0.000002033830708"",""node_01"",""25.3"",""20.9375"""
"2025-11-28T05:53:54Z,""25.38147"",""57.3"",""0.000297855"",""node_01"",""25.3"",""20.9375"""
"2025-11-28T05:43:28Z,""25.46797"",""56.4"",""0.000052182"",""node_01"",""25.4"",""21.125"""
"2025-11-28T05:33:02Z,""25.44708"",""55.6"",""0.00001435"",""node_01"",""25.4"",""21.125"""
"2025-11-28T05:22:22Z,""25.42358"",""54.7"",""0.000087206"",""node_01"",""25.4"",""21.125"""
"2025-11-28T05:11:56Z,""25.50486"",""53.6"",""0.000087206"",""node_01"",""25.5"",""21.3125"""
"2025-11-28T05:01:30Z,""25.4918"",""53.1"",""0.00000003084331253"",""node_01"",""25.5"",""21.375"""
"2025-11-28T04:50:58Z,""25.57047"",""51.9"",""0.000052182"",""node_01"",""25.6"",""21.4375"""
"2025-11-28T04:40:36Z,""25.6648"",""51.3"",""0.000052182"",""node_01"",""25.7"",""21.625"""
"2025-11-28T04:30:09Z,""25.63869"",""50.3"",""0.000087206"",""node_01"",""25.7"",""21.5"""
"2025-11-28T04:19:30Z,""25.7278"",""49.5"",""0.00001435"",""node_01"",""25.8"",""21.625"""
"2025-11-28T04:08:44Z,""25.81952"",""48.8"",""0.001274888"",""node_01"",""25.9"",""21.8125"""
"2025-11-28T03:58:24Z,""25.80647"",""48.3"",""0"",""node_01"",""25.9"",""21.75"""
"2025-11-28T03:47:46Z,""25.9008"",""47.7"",""0.000137268"",""node_01"",""26"",""21.6875"""
"2025-11-28T03:37:19Z,""25.88774"",""47.2"",""0.00000610765987"",""node_01"",""26"",""21.875"""
"2025-11-28T03:26:27Z,""25.98469"",""46.7"",""0.000087206"",""node_01"",""26.1"",""21.9375"""
"2025-11-28T03:15:47Z,""26.07902"",""46.1"",""0.000137268"",""node_01"",""26.2"",""22.1875"""
"2025-11-28T03:05:20Z,""26.06074"",""45.4"",""0.00002887"",""node_01"",""26.2"",""22.0625"""
"2025-11-28T02:54:53Z,""26.57643"",""44.7"",""0.000206102"",""node_01"",""26.3"",""22.125"""
"2025-11-28T02:44:26Z,""26.55167"",""44.1"",""0.0000004327743006"",""node_01"",""26.3"",""22.0625"""
"2025-11-28T02:34:00Z,""26.6134"",""43.9"",""0.00001435"",""node_01"",""26.4"",""21.9375"""
"2025-11-28T02:23:09Z,""26.62627"",""44.2"",""0.000297855"",""node_01"",""26.4"",""21.8125"""
"2025-11-28T02:12:12Z,""26.70729"",""44.4"",""0.00000610765987"",""node_01"",""26.5"",""21.8125"""
"2025-11-28T02:01:47Z,""26.80006"",""44.8"",""0.000052182"",""node_01"",""26.6"",""21.9375"""
"2025-11-28T01:51:08Z,""26.8764"",""44.8"",""0.00000610765987"",""node_01"",""26.7"",""21.875"""
"2025-11-28T01:40:42Z,""27.01799"",""44.5"",""0.00002887"",""node_01"",""26.9"",""21.9375"""
"2025-11-28T01:30:03Z,""27.01272"",""44.4"",""0.00000610765987"",""node_01"",""26.9"",""22"""
"2025-11-28T01:19:23Z,""27.0821"",""44.2"",""0.00000610765987"",""node_01"",""27"",""22.25"""
"2025-11-28T01:08:16Z,""27.16356"",""44.2"",""0.00002887"",""node_01"",""27.1"",""22.3125"""
"2025-11-28T00:57:11Z,""27.24659"",""44.2"",""0.000297855"",""node_01"",""27.2"",""22.4375"""
"2025-11-28T00:46:42Z,""27.32512"",""44.1"",""0.000087206"",""node_01"",""27.3"",""22.625"""
"2025-11-28T00:35:49Z,""27.41736"",""44.2"",""0.000137268"",""node_01"",""27.4"",""22.8125"""
"2025-11-28T00:24:57Z,""27.41107"",""44.1"",""0.000002033830708"",""node_01"",""27.4"",""22.75"""
"2025-11-28T00:14:17Z,""27.49859"",""44.1"",""0.000297855"",""node_01"",""27.5"",""22.9375"""
"2025-11-28T00:02:07Z,""27.5051"",""44.2"",""0.000137268"",""node_01"",""27.5"",""23"""
"2025-11-27T23:51:41Z,""27.67832"",""44.1"",""0.022127274"",""node_01"",""27.7"",""23"""
"2025-11-27T23:41:01Z,""27.77054"",""44.1"",""0"",""node_01"",""27.8"",""23.0625"""
"2025-11-27T23:30:20Z,""27.75622"",""43.9"",""0.00000610765987"",""node_01"",""27.8"",""23.125"""
"2025-11-27T23:19:44Z,""27.83483"",""43.7"",""0.0000004327743006"",""node_01"",""27.9"",""23.0625"""
"2025-11-27T23:08:50Z,""27.89166"",""43.2"",""0.00001435"",""node_01"",""28"",""23.1875"""
"2025-11-27T22:58:09Z,""27.862"",""42.8"",""0.000206102"",""node_01"",""28"",""23.1875"""
"2025-11-27T22:47:55Z,""27.90319"",""42.1"",""0.00000610765987"",""node_01"",""28.1"",""23.1875"""
"2025-11-27T22:37:23Z,""28.04528"",""41.5"",""0.000087206"",""node_01"",""28.3"",""23.3125"""
"2025-11-27T22:26:56Z,""28.09326"",""40.9"",""0.000052182"",""node_01"",""28.4"",""23.375"""
"2025-11-27T22:16:18Z,""28.04681"",""40.3"",""0.0000004327743006"",""node_01"",""28.4"",""23.6875"""
"2025-11-27T22:05:53Z,""28.20432"",""39.9"",""0.00001435"",""node_01"",""28.6"",""23.75"""
"2025-11-27T21:55:13Z,""28.1647"",""39.4"",""0.000002033830708"",""node_01"",""28.6"",""23.875"""
"2025-11-27T21:44:46Z,""28.2597"",""39.4"",""0.00001435"",""node_01"",""28.7"",""23.8125"""
"2025-11-27T21:34:06Z,""28.2597"",""39.4"",""0.0000004327743006"",""node_01"",""28.7"",""24.0625"""
"2025-11-27T21:23:40Z,""28.42004"",""39"",""0.00000610765987"",""node_01"",""28.9"",""23.9375"""
"2025-11-27T21:13:13Z,""28.41166"",""38.9"",""0.000052182"",""node_01"",""28.9"",""23.875"""
"2025-11-27T21:02:44Z,""28.49259"",""38.7"",""0.00001435"",""node_01"",""29"",""24"""
"2025-11-27T20:52:06Z,""28.53116"",""38"",""0.00001435"",""node_01"",""29.1"",""24.0625"""
"2025-11-27T20:41:14Z,""28.57812"",""37.4"",""0.00001435"",""node_01"",""29.2"",""24"""
"2025-11-27T20:30:35Z,""28.66812"",""37.3"",""0.00002887"",""node_01"",""29.3"",""24.1875"""
"2025-11-27T20:20:08Z,""28.75902"",""37.2"",""0.0000004327743006"",""node_01"",""29.4"",""24.25"""
"2025-11-27T20:09:29Z,""28.85992"",""37.2"",""0.000087206"",""node_01"",""29.5"",""24.25"""
"2025-11-27T19:59:14Z,""29.08485"",""37.4"",""0.000297855"",""node_01"",""29.7"",""24.375"""
"2025-11-27T19:48:47Z,""29.20004"",""37.5"",""0.000052182"",""node_01"",""29.8"",""24.375"""
"2025-11-27T19:38:21Z,""29.2765"",""37.2"",""0.000087206"",""node_01"",""29.9"",""24.625"""
"2025-11-27T19:27:50Z,""29.48208"",""37.1"",""0.000297855"",""node_01"",""30.1"",""24.75"""
"2025-11-27T19:17:29Z,""29.68094"",""36.9"",""0.000052182"",""node_01"",""30.3"",""25.0625"""
"2025-11-27T19:07:04Z,""29.72655"",""36.3"",""0.001614882"",""node_01"",""30.4"",""25.25"""
"2025-11-27T18:56:38Z,""29.87229"",""35.6"",""0.00002887"",""node_01"",""30.6"",""25.8125"""
"2025-11-27T18:45:34Z,""30.15429"",""35.1"",""0.00000610765987"",""node_01"",""30.9"",""26.4375"""
"2025-11-27T18:35:09Z,""30.06323"",""34.3"",""0.000137268"",""node_01"",""30.9"",""26.9375"""
"2025-11-27T18:24:35Z,""30.2205"",""33.7"",""0.00000610765987"",""node_01"",""31.1"",""27.625"""
"2025-11-27T18:13:44Z,""30.33252"",""32.7"",""0.000002033830708"",""node_01"",""31.3"",""28.375"""
"2025-11-27T18:02:53Z,""30.44571"",""32.7"",""0.00002887"",""node_01"",""31.4"",""29.1875"""
"2025-11-27T17:52:25Z,""30.53647"",""32.5"",""0.00000610765987"",""node_01"",""31.5"",""30.0625"""
"2025-11-27T17:41:46Z,""30.47858"",""32"",""0"",""node_01"",""31.5"",""30.875"""
"2025-11-27T17:31:08Z,""30.41123"",""32.4"",""0.00001435"",""node_01"",""31.4"",""31.375"""
"2025-11-27T17:20:42Z,""30.36603"",""32"",""0.00001435"",""node_01"",""31.4"",""32"""
"2025-11-27T17:09:56Z,""30.38852"",""32.2"",""0.00002887"",""node_01"",""31.4"",""32.875"""
"2025-11-27T16:58:05Z,""30.34378"",""31.8"",""0.0000004327743006"",""node_01"",""31.4"",""35.75"""
"2025-11-27T16:47:05Z,""30.37725"",""32.1"",""0.00002887"",""node_01"",""31.4"",""37.125"""
"2025-11-27T16:35:03Z,""30.35488"",""31.9"",""0.00001435"",""node_01"",""31.4"",""38.375"""
"2025-11-27T16:24:37Z,""30.34378"",""31.8"",""0.000087206"",""node_01"",""31.4"",""38.5"""
"2025-11-27T16:14:11Z,""30.2254"",""30.7"",""0.000052182"",""node_01"",""31.4"",""38.9375"""
"2025-11-27T16:03:07Z,""30.15363"",""30"",""0.000137268"",""node_01"",""31.4"",""39.5"""
"2025-11-27T15:52:26Z,""30.08553"",""28.2"",""0.000087206"",""node_01"",""31.5"",""39.5"""
"2025-11-27T15:41:41Z,""30.03106"",""27.6"",""0.000206102"",""node_01"",""31.5"",""39.875"""
"2025-11-27T15:30:41Z,""29.92855"",""27.6"",""0.000137268"",""node_01"",""31.4"",""39.8125"""
"2025-11-27T15:20:21Z,""29.65112"",""27.9"",""0.00001435"",""node_01"",""31.1"",""37.9375"""
"2025-11-27T15:09:55Z,""29.46116"",""28"",""0.00000003084331253"",""node_01"",""30.9"",""39.875"""
"2025-11-27T14:59:13Z,""29.46116"",""28"",""0.00000610765987"",""node_01"",""30.9"",""39.1875"""
"2025-11-27T14:48:35Z,""29.43759"",""27.7"",""0.00001435"",""node_01"",""30.9"",""39.0625"""
"2025-11-27T14:37:56Z,""29.39932"",""27.2"",""0.000087206"",""node_01"",""30.9"",""38.1875"""
"2025-11-27T14:26:53Z,""29.20769"",""27.2"",""0.00001435"",""node_01"",""30.7"",""37.625"""
"2025-11-27T14:16:13Z,""29.02654"",""27.3"",""0.00001435"",""node_01"",""30.5"",""38.375"""
"2025-11-27T08:42:53Z,""22.73761"",""40.3"",""0.00001435"",""node_01"",""23.3"",""22.0625"""
"2025-11-27T08:32:26Z,""22.73761"",""40.3"",""0.000137268"",""node_01"",""23.3"",""21.5625"""
"2025-11-27T08:21:47Z,""22.73499"",""40.2"",""0.00000610765987"",""node_01"",""23.3"",""21"""
"2025-11-27T08:11:19Z,""22.83194"",""39.7"",""0.000297855"",""node_01"",""23.4"",""20.8125"""
"2025-11-27T08:00:26Z,""22.82672"",""39.5"",""0.00002887"",""node_01"",""23.4"",""20.8125"""
"2025-11-27T07:49:46Z,""22.83194"",""39.7"",""0.00000610765987"",""node_01"",""23.4"",""20.5625"""
"2025-11-27T07:39:19Z,""22.83194"",""39.7"",""0.00000003084331253"",""node_01"",""23.4"",""20.625"""
"2025-11-27T07:28:53Z,""22.83194"",""39.7"",""0.00000610765987"",""node_01"",""23.4"",""20.3125"""
"2025-11-27T07:18:27Z,""22.82672"",""39.5"",""0.00001435"",""node_01"",""23.4"",""20.375"""
"2025-11-27T07:08:00Z,""22.8215"",""39.3"",""0.000052182"",""node_01"",""23.4"",""20.5"""
"2025-11-27T06:57:34Z,""22.92888"",""39.2"",""0.000002033830708"",""node_01"",""23.5"",""20.5625"""
"2025-11-27T06:47:07Z,""22.93672"",""39.5"",""0.00002887"",""node_01"",""23.5"",""20.5"""
"2025-11-27T06:36:27Z,""22.94194"",""39.7"",""0.000137268"",""node_01"",""23.5"",""20.5"""
"2025-11-27T06:25:46Z,""23.05716"",""39.9"",""0.000052182"",""node_01"",""23.6"",""20.5"""
"2025-11-27T06:15:05Z,""23.07022"",""40.4"",""0.0000004327743006"",""node_01"",""23.6"",""20.4375"""
"2025-11-27T06:04:31Z,""23.19327"",""40.9"",""0.000137268"",""node_01"",""23.7"",""20.375"""
"2025-11-27T05:53:58Z,""23.19327"",""40.9"",""0.000137268"",""node_01"",""23.7"",""20.375"""
"2025-11-27T05:42:54Z,""23.31371"",""41.3"",""0.00002887"",""node_01"",""23.8"",""20.4375"""
"2025-11-27T05:32:24Z,""23.43938"",""41.9"",""0.000087206"",""node_01"",""23.9"",""20.375"""
"2025-11-27T05:21:57Z,""23.44982"",""42.3"",""0.001274888"",""node_01"",""23.9"",""20.4375"""
"2025-11-27T05:11:30Z,""23.69332"",""43.2"",""0.00002887"",""node_01"",""24.1"",""20.375"""
"2025-11-27T05:00:55Z,""23.71682"",""44.1"",""0.000137268"",""node_01"",""24.1"",""20.4375"""
"2025-11-27T04:50:34Z,""23.83465"",""44.4"",""0.000087206"",""node_01"",""24.2"",""20.4375"""
"2025-11-27T04:39:55Z,""23.81898"",""43.8"",""0.000206102"",""node_01"",""24.2"",""20.5"""
"2025-11-27T04:29:28Z,""23.9107"",""43.1"",""0.000137268"",""node_01"",""24.3"",""20.625"""
"2025-11-27T04:18:49Z,""24.00504"",""42.5"",""0.00002887"",""node_01"",""24.4"",""21"""
"2025-11-27T04:08:10Z,""24.00504"",""42.5"",""0.000137268"",""node_01"",""24.4"",""21.25"""
"2025-11-27T03:57:18Z,""23.99981"",""42.3"",""0.000297855"",""node_01"",""24.4"",""21.125"""
"2025-11-27T03:46:17Z,""24.09937"",""41.9"",""0.001614882"",""node_01"",""24.5"",""21.3125"""
"2025-11-27T03:35:50Z,""24.19893"",""41.5"",""0.000297855"",""node_01"",""24.6"",""21.5"""
"2025-11-27T03:25:14Z,""24.18587"",""41"",""0.000052182"",""node_01"",""24.6"",""21.6875"""
"2025-11-27T03:14:33Z,""24.16498"",""40.2"",""0.00002887"",""node_01"",""24.6"",""22.125"""
"2025-11-27T03:03:20Z,""24.15976"",""40"",""0.000758342"",""node_01"",""24.6"",""22.3125"""
"2025-11-27T02:52:41Z,""24.2802"",""40.4"",""0.000087206"",""node_01"",""24.7"",""22.25"""
"2025-11-27T02:42:15Z,""24.29587"",""41"",""0"",""node_01"",""24.7"",""22.25"""
"2025-11-27T02:31:47Z,""24.31415"",""41.7"",""0.00000003084331253"",""node_01"",""24.7"",""22.0625"""
"2025-11-27T02:21:02Z,""24.4372"",""42.2"",""0.000137268"",""node_01"",""24.8"",""22.1875"""
"2025-11-27T02:10:36Z,""24.55503"",""42.5"",""0.0000004327743006"",""node_01"",""24.9"",""22.1875"""
"2025-11-27T02:00:09Z,""24.56809"",""43"",""0.00002887"",""node_01"",""24.9"",""22.25"""
"2025-11-27T01:49:43Z,""24.5942"",""44"",""0.00002887"",""node_01"",""24.9"",""22.125"""
"2025-11-27T01:39:16Z,""24.61248"",""44.7"",""0.001614882"",""node_01"",""24.9"",""22.1875"""
"2025-11-27T01:28:36Z,""24.7277"",""44.9"",""0.00000610765987"",""node_01"",""25"",""22.125"""
"2025-11-27T01:17:57Z,""24.84553"",""45.2"",""0.000087206"",""node_01"",""25.1"",""22.125"""
"2025-11-27T01:07:26Z,""24.84814"",""45.3"",""0.00001435"",""node_01"",""25.1"",""22.125"""
"2025-11-27T00:56:56Z,""24.99208"",""46.6"",""0.00001435"",""node_01"",""25.2"",""22.125"""
"2025-11-27T00:46:29Z,""25.13603"",""47.9"",""0.00000003084331253"",""node_01"",""25.3"",""22.125"""
"2025-11-27T00:35:49Z,""25.12558"",""47.5"",""0.000206102"",""node_01"",""25.3"",""22.125"""
"2025-11-27T00:25:15Z,""25.11514"",""47.1"",""0.000137268"",""node_01"",""25.3"",""22.1875"""
"2025-11-27T00:14:10Z,""25.21992"",""46.9"",""0.000087206"",""node_01"",""25.4"",""22.25"""
"2025-11-27T00:03:31Z,""25.2408"",""47.7"",""0.000087206"",""node_01"",""25.4"",""22.4375"""
"2025-11-26T23:52:52Z,""25.29303"",""49.7"",""0.000137268"",""node_01"",""25.4"",""22.5625"""
"2025-11-26T23:42:26Z,""25.29041"",""49.6"",""0.00002887"",""node_01"",""25.4"",""22"""
"2025-11-26T23:30:43Z,""25.26953"",""48.8"",""0.00001435"",""node_01"",""25.4"",""21.875"""
"2025-11-26T23:20:16Z,""25.35342"",""47.8"",""0.00002887"",""node_01"",""25.5"",""21.875"""
"2025-11-26T23:09:34Z,""25.33513"",""47.1"",""0.0000004327743006"",""node_01"",""25.5"",""22"""
"2025-11-26T22:58:53Z,""25.40336"",""45.5"",""0.000087206"",""node_01"",""25.6"",""22"""
"2025-11-26T22:48:27Z,""25.35636"",""43.7"",""0.000087206"",""node_01"",""25.6"",""22.1875"""
"2025-11-26T22:37:59Z,""25.4298"",""42.3"",""0.0000004327743006"",""node_01"",""25.7"",""22.5625"""
"2025-11-26T22:27:20Z,""25.37497"",""40.2"",""0.00001435"",""node_01"",""25.7"",""22.75"""
"2025-11-26T22:16:54Z,""25.44841"",""38.8"",""0.00001435"",""node_01"",""25.8"",""22.6875"""
"2025-11-26T22:06:28Z,""25.5558"",""38.7"",""0.000052182"",""node_01"",""25.9"",""22.9375"""
"2025-11-26T21:56:01Z,""25.45625"",""39.1"",""0.00000610765987"",""node_01"",""25.8"",""23.0625"""
"2025-11-26T21:45:20Z,""25.57408"",""39.4"",""0.00002887"",""node_01"",""25.9"",""23.3125"""
"2025-11-26T21:34:54Z,""25.60019"",""40.4"",""0.00001435"",""node_01"",""25.9"",""23.25"""
"2025-11-26T21:24:28Z,""25.61063"",""40.8"",""0.000052182"",""node_01"",""25.9"",""23.1875"""
"2025-11-26T21:13:36Z,""25.69452"",""39.8"",""0.000002033830708"",""node_01"",""26"",""23.0625"""
"2025-11-26T21:02:55Z,""25.66319"",""38.6"",""0.000087206"",""node_01"",""26"",""23.3125"""
"2025-11-26T20:52:02Z,""25.74446"",""37.5"",""0.000087206"",""node_01"",""26.1"",""23.3125"""
"2025-11-26T20:41:36Z,""25.85708"",""37.6"",""0.000417086"",""node_01"",""26.2"",""23.6875"""
"2025-11-26T20:31:10Z,""25.87535"",""38.3"",""0.000417086"",""node_01"",""26.2"",""23.8125"""
"2025-11-26T20:20:17Z,""25.88058"",""38.5"",""0.00002887"",""node_01"",""26.2"",""23.9375"""
"2025-11-26T20:09:50Z,""25.99057"",""38.5"",""0.000568779"",""node_01"",""26.3"",""23.6875"""
"2025-11-26T19:58:58Z,""26.0219"",""39.7"",""0.000991618"",""node_01"",""26.3"",""23.8125"""
"2025-11-26T19:47:57Z,""26.01668"",""39.5"",""0.00001435"",""node_01"",""26.3"",""24.0625"""
"2025-11-26T19:37:36Z,""26.40903"",""39"",""0.00002887"",""node_01"",""26.4"",""23.875"""
"2025-11-26T19:26:56Z,""26.46467"",""38.8"",""0.000002033830708"",""node_01"",""26.5"",""23.9375"""
"2025-11-26T19:16:29Z,""26.43755"",""39.7"",""0.00000003084331253"",""node_01"",""26.4"",""24.3125"""
"2025-11-26T19:05:56Z,""26.55786"",""41"",""0.000206102"",""node_01"",""26.5"",""24.4375"""
"2025-11-26T18:55:17Z,""26.54071"",""40.6"",""0.00001435"",""node_01"",""26.5"",""24.1875"""
"2025-11-26T18:44:38Z,""26.63051"",""41.1"",""0.00001435"",""node_01"",""26.6"",""24"""
"2025-11-26T18:33:34Z,""26.46467"",""38.8"",""0"",""node_01"",""26.5"",""24.1875"""
"2025-11-26T18:22:55Z,""26.38641"",""36.9"",""0.000087206"",""node_01"",""26.5"",""24.3125"""
"2025-11-26T18:12:16Z,""26.30625"",""34.9"",""0.00002887"",""node_01"",""26.5"",""24.0625"""
"2025-11-26T18:01:33Z,""26.33108"",""34"",""0.00000610765987"",""node_01"",""26.6"",""24"""
"2025-11-26T17:50:52Z,""26.41282"",""34.5"",""0.000002033830708"",""node_01"",""26.7"",""24.5"""
"2025-11-26T17:40:24Z,""26.30341"",""33.3"",""0"",""node_01"",""26.6"",""24.75"""
"2025-11-26T17:29:20Z,""26.32849"",""32.4"",""0.00001435"",""node_01"",""26.7"",""24.875"""
"2025-11-26T17:03:14Z,""26.21772"",""29.5"",""0.00001435"",""node_01"",""26.7"",""25.625"""
"2025-11-26T16:52:47Z,""26.14871"",""27.6"",""0.00000610765987"",""node_01"",""26.7"",""25.625"""
"2025-11-26T16:42:12Z,""26.14161"",""27.4"",""0.00002887"",""node_01"",""26.7"",""25.25"""
"2025-11-26T16:30:58Z,""26.18669"",""27"",""0.000052182"",""node_01"",""26.8"",""26.375"""
"2025-11-26T16:20:19Z,""26.08591"",""25.3"",""0.00000610765987"",""node_01"",""26.7"",""26.625"""
"2025-11-26T16:09:53Z,""26.08852"",""25.4"",""0.0000004327743006"",""node_01"",""26.7"",""26"""
"2025-11-26T15:59:26Z,""26.17966"",""26.8"",""0.00000610765987"",""node_01"",""26.8"",""25.8125"""
"2025-11-26T15:48:56Z,""26.18138"",""25.1"",""0.00001435"",""node_01"",""26.9"",""26.25"""
"2025-11-26T15:38:13Z,""26.07857"",""23.8"",""0.00002887"",""node_01"",""26.8"",""26.5625"""
"2025-11-26T15:27:47Z,""26.11018"",""22.9"",""0.00001435"",""node_01"",""26.9"",""26.875"""
"2025-11-26T15:17:21Z,""26.05296"",""23"",""0.000002033830708"",""node_01"",""26.8"",""27.25"""
"2025-11-26T15:06:54Z,""26.03368"",""23.3"",""0.00001435"",""node_01"",""26.7"",""27.3125"""
"2025-11-26T14:56:27Z,""26.03629"",""23.4"",""0.000297855"",""node_01"",""26.7"",""27.3125"""
"2025-11-26T14:45:35Z,""26.03629"",""23.4"",""0.000002033830708"",""node_01"",""26.7"",""27.3125"""
"2025-11-26T14:35:08Z,""25.89235"",""22.1"",""0.00001435"",""node_01"",""26.6"",""27.25"""
"2025-11-26T14:24:42Z,""25.91585"",""23"",""0.00000610765987"",""node_01"",""26.6"",""27.25"""
"2025-11-26T14:14:15Z,""25.91846"",""23.1"",""0.000087206"",""node_01"",""26.6"",""27.375"""
"2025-11-26T14:03:49Z,""25.92629"",""23.4"",""0.00000610765987"",""node_01"",""26.6"",""27.4375"""
"2025-11-26T13:53:22Z,""25.83718"",""24.2"",""0"",""node_01"",""26.5"",""27.1875"""
"2025-08-19T14:16:48Z,""36.48872"",""69.8"",""0.00002887"",""node_01"",""30.6"",""32.875"""
"2025-08-19T14:00:37Z,""36.57181"",""70.1"",""0.000002033830708"",""node_01"",""30.6"",""32.25"""
"2025-08-06T17:08:12Z,""38.23118"",""57.7"",""0.000002033830708"",""node_01"",""32.8"",""32.25"""
"2025-08-06T16:57:47Z,""38.81417"",""56.6"",""0.000087206"",""node_01"",""33.2"",""32.5"""
"2025-08-06T16:47:21Z,""39.12041"",""56.1"",""0.000568779"",""node_01"",""33.4"",""33.1875"""
"2025-08-06T16:36:56Z,""39.91384"",""55.6"",""0.000991618"",""node_01"",""33.8"",""33.9375"""
"2025-08-06T16:26:30Z,""40.16108"",""55.6"",""0.00000610765987"",""node_01"",""33.9"",""34.625"""
"2025-08-06T16:15:40Z,""39.52282"",""55.2"",""0.000002033830708"",""node_01"",""33.7"",""35.375"""
"2025-08-06T16:05:02Z,""38.88036"",""56.1"",""0.00002887"",""node_01"",""33.3"",""35.125"""
"2025-08-06T15:54:05Z,""38.7452"",""56.4"",""0.000052182"",""node_01"",""33.2"",""34.0625"""
"2025-08-06T15:43:45Z,""38.91514"",""56.2"",""0.000002033830708"",""node_01"",""33.3"",""34.0625"""
"2025-08-06T15:33:07Z,""38.84565"",""56"",""0.00000610765987"",""node_01"",""33.3"",""34.6875"""
"2025-08-06T15:22:42Z,""39.04996"",""55.9"",""0.00001435"",""node_01"",""33.4"",""34.4375"""
"2025-08-06T15:12:03Z,""39.63205"",""55.5"",""0.000417086"",""node_01"",""33.7"",""34.6875"""
"2025-08-06T15:01:23Z,""39.15575"",""56.2"",""0.00000610765987"",""node_01"",""33.4"",""36.0625"""
"2025-08-06T14:50:58Z,""38.78067"",""57.2"",""0.00002887"",""node_01"",""33.1"",""35.0625"""
"2025-08-06T14:40:20Z,""38.95299"",""57"",""0.00002887"",""node_01"",""33.2"",""34.5625"""
"2025-08-06T14:29:17Z,""38.33583"",""57.3"",""0.00001435"",""node_01"",""32.9"",""34.3125"""
"2025-08-06T14:18:39Z,""38.64251"",""57.5"",""0.011495741"",""node_01"",""33"",""34.6875"""
"2025-08-06T14:07:11Z,""38.74513"",""57.8"",""0.00000003084331253"",""node_01"",""33"",""35.375"""
"2025-08-06T13:56:43Z,""39.5924"",""58.8"",""0.000087206"",""node_01"",""33.2"",""34.8125"""
"2025-08-06T13:46:05Z,""39.08777"",""59.5"",""0.000137268"",""node_01"",""32.9"",""36.125"""
"2025-08-06T13:35:39Z,""39.2282"",""59.9"",""0.0000004327743006"",""node_01"",""32.9"",""34.8125"""
"2025-08-06T13:25:11Z,""39.26796"",""59.3"",""0"",""node_01"",""33"",""35.0625"""
"2025-08-06T13:13:50Z,""38.89907"",""60.4"",""0.00000610765987"",""node_01"",""32.7"",""38"""
"2025-08-06T13:02:59Z,""37.86411"",""59.5"",""0"",""node_01"",""32.4"",""35.8125"""
"2025-08-06T12:51:10Z,""37.73615"",""59.1"",""0.00001435"",""node_01"",""32.4"",""35.625"""
"2025-08-06T12:39:37Z,""37.38957"",""59.5"",""0.000087206"",""node_01"",""32.2"",""36.125"""
"2025-08-06T12:29:09Z,""37.70432"",""59"",""0.00001435"",""node_01"",""32.4"",""35.3125"""
"2025-08-06T12:18:17Z,""36.6059"",""59.2"",""0.00002887"",""node_01"",""31.9"",""37.5625"""
"2025-08-06T12:05:22Z,""36.04329"",""60.4"",""0.00000610765987"",""node_01"",""31.5"",""36.8125"""
"2025-08-06T11:54:42Z,""36.09438"",""61.4"",""0.00001435"",""node_01"",""31.4"",""35.1875"""
"2025-08-06T11:44:20Z,""35.86728"",""61.4"",""0.000052182"",""node_01"",""31.3"",""35.25"""
"2025-08-06T11:33:17Z,""35.33751"",""62.8"",""0.000087206"",""node_01"",""30.9"",""36"""
"2025-08-06T11:22:28Z,""34.771"",""63.2"",""0.000206102"",""node_01"",""30.6"",""35.75"""
"2025-08-06T11:11:59Z,""35.16806"",""64.8"",""0.00001435"",""node_01"",""30.6"",""34.5"""
"2025-08-06T11:01:34Z,""34.22594"",""64.6"",""0.000052182"",""node_01"",""30.2"",""35.6875"""
"2025-08-06T10:51:08Z,""34.32686"",""66"",""0.000087206"",""node_01"",""30.1"",""33.625"""
"2025-08-06T10:39:34Z,""33.75288"",""66.4"",""0"",""node_01"",""29.8"",""35.625"""
"2025-08-06T10:28:42Z,""33.44419"",""67"",""0.00000003084331253"",""node_01"",""29.6"",""33.625"""
"2025-08-06T10:18:16Z,""33.63234"",""67.9"",""0.000002033830708"",""node_01"",""29.6"",""33"""
"2025-08-06T10:07:11Z,""33.57712"",""68.7"",""0.000087206"",""node_01"",""29.5"",""35.625"""
"2025-08-06T09:56:32Z,""33.31342"",""69.6"",""0.000052182"",""node_01"",""29.3"",""35.1875"""
"2025-08-06T09:46:06Z,""33.53614"",""70.7"",""0"",""node_01"",""29.3"",""33.8125"""
"2025-08-06T09:35:28Z,""33.42728"",""71.3"",""0.000206102"",""node_01"",""29.2"",""34.875"""
"2025-08-06T09:24:36Z,""33.04449"",""72.9"",""0.0000004327743006"",""node_01"",""28.9"",""35.6875"""
"2025-08-06T09:14:07Z,""32.05344"",""72.4"",""0.000417086"",""node_01"",""28.5"",""33"""
"2025-08-06T09:03:41Z,""31.88359"",""72.7"",""0.000052182"",""node_01"",""28.4"",""29"""
"2025-08-06T08:53:14Z,""32.01256"",""73.5"",""0.000052182"",""node_01"",""28.4"",""30.4375"""
"2025-08-06T08:42:49Z,""31.81728"",""75.1"",""0.0000004327743006"",""node_01"",""28.2"",""29.5"""
"2025-08-06T08:31:32Z,""31.75764"",""76.2"",""0"",""node_01"",""28.1"",""32.125"""
"2025-08-06T08:21:06Z,""31.41565"",""77"",""0.000052182"",""node_01"",""27.9"",""31.0625"""
"2025-08-06T08:10:41Z,""31.35226"",""78.2"",""0.00002887"",""node_01"",""27.8"",""30"""
"2025-08-06T07:59:43Z,""30.85281"",""77.9"",""0.000052182"",""node_01"",""27.6"",""28.875"""
"2025-08-06T07:49:23Z,""30.46128"",""76.5"",""0"",""node_01"",""27.5"",""27.375"""
"2025-08-06T07:38:57Z,""30.22471"",""76.3"",""0.000297855"",""node_01"",""27.4"",""26.75"""
"2025-08-06T07:28:31Z,""29.83712"",""76.6"",""0.000417086"",""node_01"",""27.2"",""26.25"""
"2025-08-06T07:18:05Z,""29.20873"",""76.4"",""0.000087206"",""node_01"",""26.9"",""25.6875"""
"2025-08-06T07:07:40Z,""29.59238"",""76.2"",""0.00002887"",""node_01"",""27.1"",""25.25"""
"2025-08-06T06:56:10Z,""29.8574"",""76.8"",""0.000052182"",""node_01"",""27.2"",""25.0625"""
"2025-08-06T06:45:44Z,""29.63058"",""76.6"",""0.0000004327743006"",""node_01"",""27.1"",""25.0625"""
"2025-08-06T06:34:53Z,""29.83712"",""76.6"",""0.00001435"",""node_01"",""27.2"",""25.1875"""
"2025-08-06T06:24:14Z,""29.7766"",""76"",""0.000052182"",""node_01"",""27.2"",""25.25"""
"2025-08-06T06:13:23Z,""29.94027"",""75.6"",""0.000087206"",""node_01"",""27.3"",""25.3125"""
"2025-08-06T06:02:57Z,""29.91921"",""75.4"",""0"",""node_01"",""27.3"",""25.3125"""
"2025-08-06T05:52:19Z,""30.04751"",""74.7"",""0.000052182"",""node_01"",""27.4"",""25.3125"""
"2025-08-06T05:41:53Z,""30.43452"",""74.5"",""0.000087206"",""node_01"",""27.6"",""25.5"""
"2025-08-06T05:31:14Z,""30.98613"",""73.9"",""0.000052182"",""node_01"",""27.9"",""25.625"""
"2025-08-06T05:18:04Z,""31.02683"",""74.2"",""0.00002887"",""node_01"",""27.9"",""25.6875"""
"2025-08-06T05:07:26Z,""30.80174"",""74.1"",""0.00000610765987"",""node_01"",""27.8"",""25.75"""
"2025-08-06T04:56:09Z,""30.98613"",""73.9"",""0.00001435"",""node_01"",""27.9"",""25.625"""
"2025-08-06T04:45:43Z,""30.99968"",""74"",""0.0000004327743006"",""node_01"",""27.9"",""25.6875"""
"2025-08-06T04:34:45Z,""30.9591"",""73.7"",""0.000297855"",""node_01"",""27.9"",""25.8125"""
"2025-08-06T04:24:26Z,""30.99968"",""74"",""0.00000003084331253"",""node_01"",""27.9"",""25.75"""
"2025-08-06T04:13:21Z,""30.81477"",""74.2"",""0.000052182"",""node_01"",""27.8"",""25.8125"""
"2025-08-06T04:02:30Z,""30.98613"",""73.9"",""0.00000003084331253"",""node_01"",""27.9"",""25.8125"""
"2025-08-06T03:51:52Z,""30.56794"",""73.9"",""0.00000610765987"",""node_01"",""27.7"",""25.875"""
"2025-08-06T03:40:48Z,""30.9591"",""73.7"",""0.00000610765987"",""node_01"",""27.9"",""25.875"""
"2025-08-06T03:29:58Z,""30.9591"",""73.7"",""0.002018781"",""node_01"",""27.9"",""25.875"""
"2025-08-06T03:19:32Z,""30.94561"",""73.6"",""0.00001435"",""node_01"",""27.9"",""25.8125"""
"2025-08-06T03:08:03Z,""30.89188"",""73.2"",""0.000087206"",""node_01"",""27.9"",""25.8125"""
"2025-08-06T02:57:05Z,""31.26955"",""72.9"",""0.00001435"",""node_01"",""28.1"",""26"""
"2025-08-06T02:46:45Z,""31.2264"",""72.6"",""0.000087206"",""node_01"",""28.1"",""26"""
"2025-08-06T02:36:07Z,""31.39297"",""72.3"",""0.000206102"",""node_01"",""28.2"",""26.0625"""
"2025-08-06T02:24:37Z,""31.78794"",""72.1"",""0.000297855"",""node_01"",""28.4"",""25.9375"""
"2025-08-06T02:14:11Z,""31.72469"",""71.7"",""0.000052182"",""node_01"",""28.4"",""26.25"""
"2025-08-06T02:03:38Z,""31.66185"",""71.3"",""0.00002887"",""node_01"",""28.4"",""26.3125"""
"2025-08-06T01:52:16Z,""31.85744"",""71.2"",""0.00000610765987"",""node_01"",""28.5"",""26.5"""
"2025-08-06T01:41:50Z,""32.00458"",""70.8"",""0.000297855"",""node_01"",""28.6"",""26.5"""
"2025-08-06T01:31:25Z,""32.18448"",""70.6"",""0.000087206"",""node_01"",""28.7"",""26.6875"""
"2025-08-06T01:20:47Z,""32.38243"",""70.5"",""0.000002033830708"",""node_01"",""28.8"",""26.6875"""
"2025-08-06T01:10:21Z,""32.56374"",""70.3"",""0.00000610765987"",""node_01"",""28.9"",""26.6875"""
"2025-08-06T00:59:55Z,""32.82004"",""70.5"",""0.000137268"",""node_01"",""29"",""26.75"""
"2025-08-06T00:49:30Z,""32.69111"",""71"",""0.000568779"",""node_01"",""28.9"",""26.875"""
"2025-08-06T00:38:51Z,""32.72778"",""71.2"",""0.00000610765987"",""node_01"",""28.9"",""26.875"""
"2025-08-06T00:27:22Z,""33.1977"",""71.3"",""0.000137268"",""node_01"",""29.1"",""27"""
"2025-08-06T00:16:44Z,""33.62981"",""72.3"",""0.00001435"",""node_01"",""29.2"",""27.1875"""
"2025-08-06T00:06:18Z,""33.60941"",""72.2"",""0.000052182"",""node_01"",""29.2"",""27.1875"""
"2025-08-05T23:55:28Z,""33.58903"",""72.1"",""0.00000610765987"",""node_01"",""29.2"",""27.25"""
"2025-08-05T23:44:22Z,""33.80482"",""72"",""0.00001435"",""node_01"",""29.3"",""27.3125"""
"2025-08-05T23:33:29Z,""33.95791"",""71.6"",""0.00000610765987"",""node_01"",""29.4"",""27.4375"""
"2025-08-05T23:22:38Z,""34.32637"",""71.1"",""0"",""node_01"",""29.6"",""27.5625"""
"2025-08-05T23:11:46Z,""34.28185"",""70.9"",""0.000052182"",""node_01"",""29.6"",""27.625"""
"2025-08-05T23:00:55Z,""34.49905"",""70.8"",""0.00001435"",""node_01"",""29.7"",""27.625"""
"2025-08-05T22:50:30Z,""34.23748"",""70.7"",""0.000206102"",""node_01"",""29.6"",""27.6875"""
"2025-08-05T22:39:40Z,""34.67113"",""70.5"",""0.000087206"",""node_01"",""29.8"",""27.8125"""
"2025-08-05T22:29:14Z,""34.64793"",""70.4"",""0.00000610765987"",""node_01"",""29.8"",""27.8125"""
"2025-08-05T22:18:49Z,""34.86632"",""70.3"",""0.000297855"",""node_01"",""29.9"",""27.8125"""
"2025-08-05T22:08:08Z,""34.84262"",""70.2"",""0.001274888"",""node_01"",""29.9"",""27.8125"""
"2025-08-05T21:57:29Z,""34.79535"",""70"",""0.00001435"",""node_01"",""29.9"",""28"""
"2025-08-05T21:46:45Z,""34.81896"",""70.1"",""0.000052182"",""node_01"",""29.9"",""28"""
"2025-08-05T21:36:12Z,""34.81896"",""70.1"",""0.000137268"",""node_01"",""29.9"",""28.0625"""
"2025-08-05T21:25:33Z,""34.77177"",""69.9"",""0.00002887"",""node_01"",""29.9"",""28"""
"2025-08-05T21:15:07Z,""34.96533"",""69.7"",""0.000002033830708"",""node_01"",""30"",""28.125"""
"2025-08-05T21:04:41Z,""34.63119"",""69.3"",""0.00000610765987"",""node_01"",""29.9"",""28.1875"""
"2025-08-05T20:53:50Z,""35.20409"",""68.7"",""0.0000004327743006"",""node_01"",""30.2"",""28.1875"""
"2025-08-05T20:43:24Z,""35.58772"",""68.3"",""0.000087206"",""node_01"",""30.4"",""28.25"""
"2025-08-05T20:32:59Z,""35.562"",""68.2"",""0.000297855"",""node_01"",""30.4"",""28.375"""
"2025-08-05T20:21:54Z,""35.562"",""68.2"",""0.00000610765987"",""node_01"",""30.4"",""28.4375"""
"2025-08-05T20:11:15Z,""35.562"",""68.2"",""0.000052182"",""node_01"",""30.4"",""28.4375"""
"2025-08-05T20:00:25Z,""35.99934"",""68"",""0.000052182"",""node_01"",""30.6"",""28.4375"""
"2025-08-05T19:49:59Z,""36.19273"",""67.8"",""0.000052182"",""node_01"",""30.7"",""28.5625"""
"2025-08-05T19:39:32Z,""36.38641"",""67.6"",""0.000758342"",""node_01"",""30.8"",""28.8125"""
"2025-08-05T19:28:59Z,""36.46798"",""67"",""0.000087206"",""node_01"",""30.9"",""29"""
"2025-08-05T19:18:40Z,""36.27594"",""67.2"",""0.000052182"",""node_01"",""30.8"",""29"""
"2025-08-05T19:07:36Z,""36.30093"",""66.4"",""0.000137268"",""node_01"",""30.9"",""29.125"""
"2025-08-05T18:57:11Z,""37.14935"",""65.9"",""0.00000610765987"",""node_01"",""31.3"",""29.4375"""
"2025-08-05T18:46:45Z,""37.44162"",""65.2"",""0.00002887"",""node_01"",""31.5"",""29.6875"""
"2025-08-05T18:36:12Z,""38.26764"",""63.8"",""0.000052182"",""node_01"",""32"",""30.5625"""
"2025-08-05T18:25:27Z,""39.02909"",""63"",""0.000052182"",""node_01"",""32.4"",""31.1875"""
"2025-08-05T18:14:49Z,""39.25479"",""62.9"",""0"",""node_01"",""32.5"",""31.6875"""
"2025-08-05T18:04:23Z,""39.85425"",""63.1"",""0.0000004327743006"",""node_01"",""32.7"",""31.625"""
"2025-08-05T17:52:40Z,""38.99468"",""62.9"",""0.00002887"",""node_01"",""32.4"",""31.9375"""
"2025-08-05T17:40:51Z,""39.15017"",""62.6"",""0.000137268"",""node_01"",""32.5"",""32.3125"""
"2025-08-05T17:30:12Z,""39.16484"",""61.9"",""0.000002033830708"",""node_01"",""32.6"",""32.25"""
"2025-08-05T17:19:34Z,""38.55813"",""59.4"",""0.000297855"",""node_01"",""32.7"",""32.5"""
"2025-08-05T17:09:08Z,""39.01799"",""59.3"",""0.000137268"",""node_01"",""32.9"",""32.625"""
"2025-08-05T16:58:11Z,""35.9159"",""45.9"",""0.000087206"",""node_01"",""33.4"",""33.125"""
"2025-08-05T16:47:51Z,""36.25175"",""47.1"",""0.000758342"",""node_01"",""33.4"",""33.25"""
"2025-08-05T16:23:35Z,""36.49796"",""46.6"",""0.00002887"",""node_01"",""33.6"",""33.75"""
"2025-08-05T16:12:43Z,""36.35388"",""46.1"",""0.00001435"",""node_01"",""33.6"",""34.3125"""
"2025-08-05T16:01:53Z,""36.48031"",""45.2"",""0.00002887"",""node_01"",""33.8"",""34.25"""
"2025-08-05T15:49:33Z,""36.73254"",""47.4"",""0.00000003084331253"",""node_01"",""33.6"",""34.125"""
"2025-08-05T15:38:17Z,""37.32516"",""50.7"",""0.000002033830708"",""node_01"",""33.4"",""33.9375"""
"2025-08-05T15:25:19Z,""36.9867"",""49.6"",""0.000052182"",""node_01"",""33.4"",""33.875"""
"2025-08-05T15:13:12Z,""37.26826"",""51.2"",""0.00000610765987"",""node_01"",""33.3"",""34.375"""
"2025-08-05T14:58:57Z,""37.21224"",""53.1"",""0.000052182"",""node_01"",""33"",""34.8125"""
"2025-08-05T14:45:22Z,""37.14904"",""53.6"",""0.000002033830708"",""node_01"",""32.9"",""35.4375"""
"2025-08-05T14:34:19Z,""37.6184"",""55.1"",""0.00002887"",""node_01"",""32.9"",""35.0625"""
"2025-08-05T14:22:38Z,""37.5195"",""55.5"",""0.00000610765987"",""node_01"",""32.8"",""34.0625"""
"2025-08-05T14:12:00Z,""37.41171"",""56.6"",""0.000052182"",""node_01"",""32.6"",""34.1875"""
"2025-08-05T13:59:40Z,""36.41545"",""55.5"",""0.00001435"",""node_01"",""32.3"",""34.0625"""
"2025-08-05T13:46:53Z,""36.43016"",""56.3"",""0.00000003084331253"",""node_01"",""32.2"",""34.5"""
"2025-08-05T13:35:36Z,""35.5143"",""55.3"",""0.000206102"",""node_01"",""31.9"",""34.0625"""
"2025-08-05T13:21:26Z,""36.01248"",""57.9"",""0.00000610765987"",""node_01"",""31.8"",""33.75"""
"2025-08-05T13:06:45Z,""36.06833"",""58.1"",""0.00000610765987"",""node_01"",""31.8"",""34.3125"""
"2025-08-05T12:56:20Z,""36.58437"",""60.7"",""0.000052182"",""node_01"",""31.7"",""34.5625"""
"2025-08-05T12:38:39Z,""35.89454"",""61.5"",""0.000052182"",""node_01"",""31.3"",""34.5"""
"2025-08-05T12:25:15Z,""35.25055"",""61.6"",""0.00001435"",""node_01"",""31"",""33.625"""
"2025-08-05T12:12:16Z,""34.79404"",""62.4"",""0.00001435"",""node_01"",""30.7"",""32.6875"""
"2025-08-05T12:01:37Z,""34.35185"",""64.2"",""0.000052182"",""node_01"",""30.3"",""32.625"""
"2025-08-05T11:48:19Z,""33.51804"",""65.3"",""0.00002887"",""node_01"",""29.8"",""32.5625"""
"2025-08-05T11:33:25Z,""32.53956"",""66.7"",""0.00001435"",""node_01"",""29.2"",""32"""
"2025-08-05T11:14:40Z,""32.15591"",""68"",""0.00000610765987"",""node_01"",""28.9"",""31.1875"""
"2025-08-05T11:02:59Z,""32.2079"",""69.5"",""0.00001435"",""node_01"",""28.8"",""30.4375"""
"2025-08-05T10:51:15Z,""32.30797"",""72.6"",""0.00000610765987"",""node_01"",""28.6"",""30.125"""
"2025-08-05T10:39:34Z,""32.06135"",""73.8"",""0.000206102"",""node_01"",""28.4"",""29.75"""
"2025-08-05T10:26:08Z,""31.63316"",""73.9"",""0.000052182"",""node_01"",""28.2"",""28.9375"""
"2025-08-05T10:14:39Z,""31.53272"",""74.7"",""0.000052182"",""node_01"",""28.1"",""28.625"""
"2025-08-05T10:04:12Z,""31.15006"",""75.1"",""0.00001435"",""node_01"",""27.9"",""28.1875"""
"2025-08-05T09:51:36Z,""31.23313"",""75.7"",""0.000087206"",""node_01"",""27.9"",""27.6875"""
"2025-08-05T09:40:07Z,""32.28754"",""71.2"",""0.000052182"",""node_01"",""28.7"",""27.75"""
"2025-08-04T22:29:32Z,""32.43538"",""70.8"",""0.000206102"",""node_01"",""28.8"",""27.75"""
"2025-08-04T22:17:13Z,""32.47082"",""71"",""0.001614882"",""node_01"",""28.8"",""27.75"""
"2025-08-04T22:06:22Z,""32.41769"",""70.7"",""0.000087206"",""node_01"",""28.8"",""27.75"""
"2025-08-04T21:55:06Z,""32.59998"",""70.5"",""0.000052182"",""node_01"",""28.9"",""27.875"""
"2025-08-04T21:43:25Z,""32.56374"",""70.3"",""0.000087206"",""node_01"",""28.9"",""27.875"""
"2025-08-04T21:32:09Z,""32.70842"",""69.9"",""0.00001435"",""node_01"",""29"",""27.9375"""
"2025-08-04T21:20:54Z,""32.65304"",""69.6"",""0.0000004327743006"",""node_01"",""29"",""28.0625"""
"2025-08-04T21:08:46Z,""32.83284"",""69.4"",""0"",""node_01"",""29.1"",""28"""
"2025-08-04T20:57:55Z,""32.83284"",""69.4"",""0.00001435"",""node_01"",""29.1"",""28.25"""
"2025-08-04T20:45:07Z,""32.77632"",""69.1"",""0.000137268"",""node_01"",""29.1"",""28.25"""
"2025-08-04T20:34:30Z,""32.89748"",""68.6"",""0.000087206"",""node_01"",""29.2"",""28.375"""
"2025-08-04T20:22:22Z,""33.21342"",""68"",""0.000297855"",""node_01"",""29.4"",""28.4375"""
"2025-08-04T20:09:12Z,""33.1535"",""67.7"",""0.000002033830708"",""node_01"",""29.4"",""28.625"""
"2025-08-04T19:57:55Z,""33.24858"",""67.1"",""0.0000004327743006"",""node_01"",""29.5"",""28.8125"""
"2025-08-04T19:46:27Z,""33.32048"",""66.4"",""0.00001435"",""node_01"",""29.6"",""28.875"""
"2025-08-04T19:35:37Z,""33.70982"",""66.2"",""0.000137268"",""node_01"",""29.8"",""29.0625"""
"2025-08-04T19:24:33Z,""33.92851"",""66.2"",""0.00002887"",""node_01"",""29.9"",""29.3125"""
"2025-08-04T19:13:43Z,""34.30386"",""65.9"",""0.000087206"",""node_01"",""30.1"",""29.5625"""
"2025-08-04T19:02:58Z,""34.38766"",""65.3"",""0.000002033830708"",""node_01"",""30.2"",""29.625"""
"2025-08-04T18:52:26Z,""34.53971"",""65"",""0.000052182"",""node_01"",""30.3"",""29.875"""
"2025-08-04T18:41:23Z,""34.53971"",""65"",""0.000206102"",""node_01"",""30.3"",""30.0625"""
"2025-08-04T18:30:45Z,""34.84451"",""63.5"",""0.000002033830708"",""node_01"",""30.6"",""30.3125"""
"2025-08-04T18:19:29Z,""35.14283"",""63.8"",""0.0000004327743006"",""node_01"",""30.7"",""30.8125"""
"2025-08-04T18:05:38Z,""35.45821"",""62.4"",""0.000417086"",""node_01"",""31"",""31.1875"""
"2025-08-04T17:54:09Z,""35.97669"",""61.8"",""0.000087206"",""node_01"",""31.3"",""31.1875"""
"2025-08-04T17:43:32Z,""36.32369"",""61.4"",""0.00000610765987"",""node_01"",""31.5"",""31.625"""
"2025-08-04T17:32:53Z,""35.90128"",""60.7"",""0.000087206"",""node_01"",""31.4"",""32.125"""
"2025-08-04T17:20:08Z,""36.29539"",""61.3"",""0.00001435"",""node_01"",""31.5"",""31.875"""
"2025-08-04T17:08:53Z,""36.90086"",""60.2"",""0.000002033830708"",""node_01"",""31.9"",""31.875"""
"2025-08-04T16:57:24Z,""37.6536"",""58.1"",""0.00001435"",""node_01"",""32.5"",""32.25"""
"2025-08-04T16:45:56Z,""37.46876"",""59"",""0.00000610765987"",""node_01"",""32.3"",""33.5625"""
"2025-08-04T16:27:40Z,""38.46998"",""57.7"",""0.00002887"",""node_01"",""32.9"",""32.6875"""
"2025-08-04T16:15:32Z,""37.87744"",""58.8"",""0.000297855"",""node_01"",""32.5"",""33.875"""
"2025-08-04T16:00:40Z,""38.14892"",""58.9"",""0.00002887"",""node_01"",""32.6"",""33.5625"""
"2025-08-04T15:44:43Z,""38.15815"",""58.2"",""0.000052182"",""node_01"",""32.7"",""33.4375"""
"2025-08-04T15:34:18Z,""39.40528"",""56.9"",""0.000137268"",""node_01"",""33.4"",""33.6875"""
"2025-08-04T15:23:40Z,""39.75291"",""56.5"",""0.000137268"",""node_01"",""33.6"",""34.875"""
"2025-08-04T15:12:37Z,""39.75291"",""56.5"",""0.00001435"",""node_01"",""33.6"",""35.5625"""
"2025-08-04T15:01:34Z,""39.19609"",""57"",""0.000052182"",""node_01"",""33.3"",""35.3125"""
"2025-08-04T14:44:35Z,""39.22667"",""56.4"",""0.00002887"",""node_01"",""33.4"",""34.875"""
"2025-08-04T14:32:54Z,""39.33837"",""57.4"",""0.00000610765987"",""node_01"",""33.3"",""35.25"""
"2025-08-04T14:22:16Z,""38.67768"",""56.9"",""0.000087206"",""node_01"",""33.1"",""35.375"""
"2025-08-04T14:11:13Z,""37.88839"",""58.1"",""0.00000610765987"",""node_01"",""32.6"",""35.4375"""
"2025-08-04T13:57:49Z,""37.23492"",""57.5"",""0.00001435"",""node_01"",""32.4"",""35.125"""
"2025-08-04T13:46:25Z,""36.84178"",""57.7"",""0"",""node_01"",""32.2"",""34.4375"""
"2025-08-04T13:34:51Z,""36.51862"",""58.9"",""0.000991618"",""node_01"",""31.9"",""33.8125"""
"2025-08-04T13:17:36Z,""36.3171"",""58.2"",""0.000002033830708"",""node_01"",""31.9"",""33.9375"""
"2025-08-04T13:04:23Z,""36.54765"",""59"",""0.00002887"",""node_01"",""31.9"",""33.8125"""
"2025-08-04T12:51:12Z,""35.60342"",""59.6"",""0.000137268"",""node_01"",""31.4"",""33.4375"""
"2025-08-04T12:39:29Z,""35.27632"",""61.7"",""0.000087206"",""node_01"",""31"",""33.1875"""
"2025-08-04T12:15:00Z,""34.4569"",""62.8"",""0.00001435"",""node_01"",""30.5"",""33.0625"""
"2025-08-04T12:01:30Z,""34.28883"",""63"",""0.000087206"",""node_01"",""30.4"",""32.5625"""
"2025-08-04T11:46:04Z,""33.70668"",""64.2"",""0.00001435"",""node_01"",""30"",""33.125"""
"2025-08-03T05:43:20Z,""29.76815"",""80.3"",""0.00002887"",""node_01"",""27"",""24.6875"""
"2025-08-03T05:32:04Z,""29.5461"",""80.3"",""0.000758342"",""node_01"",""26.9"",""24.6875"""
"2025-08-03T05:19:06Z,""29.5108"",""79.9"",""0.000052182"",""node_01"",""26.9"",""24.625"""
"2025-08-03T05:08:29Z,""29.76815"",""80.3"",""0"",""node_01"",""27"",""24.5625"""
"2025-08-03T04:57:24Z,""29.94309"",""79.8"",""0.00002887"",""node_01"",""27.1"",""24.5"""
"2025-08-03T04:46:45Z,""29.7399"",""80"",""0.001274888"",""node_01"",""27"",""24.5"""
"2025-08-03T04:33:48Z,""29.95306"",""79.9"",""0.00000610765987"",""node_01"",""27.1"",""24.625"""
"2025-08-03T04:22:44Z,""29.90335"",""79.4"",""0.00001435"",""node_01"",""27.1"",""24.625"""
"2025-08-03T04:10:35Z,""29.89345"",""79.3"",""0.000087206"",""node_01"",""27.1"",""24.625"""
"2025-08-03T03:58:42Z,""30.46321"",""78.4"",""0.000002033830708"",""node_01"",""27.4"",""24.5625"""
"2025-08-03T03:47:39Z,""30.53231"",""77.1"",""0.000206102"",""node_01"",""27.5"",""24.3125"""
"2025-08-03T03:21:07Z,""30.38296"",""77.7"",""0.000087206"",""node_01"",""27.4"",""24.375"""
"2025-08-03T03:10:42Z,""30.07349"",""78.9"",""0.00000610765987"",""node_01"",""27.2"",""24.5625"""
"2025-08-03T02:56:01Z,""29.93903"",""77.6"",""0.00002887"",""node_01"",""27.2"",""24.8125"""
"2025-08-03T02:39:25Z,""30.06777"",""76.8"",""0.00000610765987"",""node_01"",""27.3"",""24.6875"""
"2025-08-03T02:25:23Z,""30.33744"",""77.3"",""0.00001435"",""node_01"",""27.4"",""24.6875"""
"2025-08-03T02:14:08Z,""30.37155"",""77.6"",""0.00000610765987"",""node_01"",""27.4"",""24.8125"""
"2025-08-03T02:00:44Z,""30.56804"",""77.4"",""0.000568779"",""node_01"",""27.5"",""24.8125"""
"2025-08-03T01:48:54Z,""30.79004"",""77.4"",""0.00001435"",""node_01"",""27.6"",""24.625"""
"2025-08-03T01:37:55Z,""31.45627"",""75.7"",""0"",""node_01"",""28"",""24.5625"""
"2025-08-03T01:27:04Z,""31.5922"",""75.1"",""0.00002887"",""node_01"",""28.1"",""24.4375"""
"2025-08-03T01:15:23Z,""31.69415"",""74.3"",""0.00001435"",""node_01"",""28.2"",""24.625"""
"2025-08-03T01:04:58Z,""32.56744"",""72.8"",""0.00002887"",""node_01"",""28.7"",""24.75"""
"2025-08-03T00:51:20Z,""33.13935"",""73.4"",""0.000206102"",""node_01"",""28.9"",""24.375"""
"2025-08-03T00:38:22Z,""32.76416"",""73.9"",""0.00001435"",""node_01"",""28.7"",""24.375"""
"2025-08-03T00:24:44Z,""32.89117"",""74.6"",""0.000052182"",""node_01"",""28.7"",""24.5625"""
"2025-08-03T00:13:28Z,""32.81842"",""74.2"",""0.000568779"",""node_01"",""28.7"",""24.6875"""
"2025-08-03T00:01:34Z,""32.81842"",""74.2"",""0.000087206"",""node_01"",""28.7"",""24.75"""
"2025-08-02T23:47:32Z,""32.5327"",""73.9"",""0.00002887"",""node_01"",""28.6"",""24.625"""
"2025-08-02T23:35:55Z,""32.33771"",""74.1"",""0.006245971"",""node_01"",""28.5"",""24.75"""
"2025-08-02T23:23:55Z,""32.1926"",""74.6"",""0.000052182"",""node_01"",""28.4"",""24.75"""
"2025-08-02T23:13:05Z,""31.93322"",""74.4"",""0.000206102"",""node_01"",""28.3"",""24.6875"""
"2025-08-02T23:00:20Z,""31.86987"",""74"",""0.00000610765987"",""node_01"",""28.3"",""25.25"""
"2025-08-02T22:49:30Z,""31.52197"",""70.4"",""0.00000003084331253"",""node_01"",""28.4"",""25.0625"""
"2025-08-02T22:36:58Z,""31.63366"",""69.8"",""0.00001435"",""node_01"",""28.5"",""25.8125"""
"2025-08-02T22:24:10Z,""31.56643"",""68.1"",""0.000206102"",""node_01"",""28.6"",""26.125"""
"2025-08-02T22:13:44Z,""31.37821"",""66.9"",""0.00001435"",""node_01"",""28.6"",""26.5"""
"2025-08-02T22:03:06Z,""31.34723"",""66.7"",""0.00002887"",""node_01"",""28.6"",""26.6875"""
"2025-08-02T21:51:10Z,""31.17184"",""66.8"",""0.00001435"",""node_01"",""28.5"",""26.75"""
"2025-08-02T21:40:07Z,""31.20188"",""67"",""0"",""node_01"",""28.5"",""26.75"""
"2025-08-02T21:29:29Z,""31.21694"",""67.1"",""0.00002887"",""node_01"",""28.5"",""26.75"""
"2025-08-02T21:18:13Z,""31.18684"",""66.9"",""0.000087206"",""node_01"",""28.5"",""26.75"""
"2025-08-02T21:06:43Z,""31.39375"",""67"",""0.00000610765987"",""node_01"",""28.6"",""26.9375"""
"2025-08-02T20:55:27Z,""31.34723"",""66.7"",""0.000087206"",""node_01"",""28.6"",""26.875"""
"2025-08-02T20:44:35Z,""31.63688"",""66.1"",""0.00000610765987"",""node_01"",""28.8"",""26.875"""
"2025-08-02T20:32:51Z,""31.78116"",""65.8"",""0.001274888"",""node_01"",""28.9"",""27"""
"2025-08-02T20:20:41Z,""31.92509"",""65.5"",""0.000052182"",""node_01"",""29"",""27.125"""
"2025-08-02T20:05:05Z,""32.21183"",""64.9"",""0.000052182"",""node_01"",""29.2"",""27.25"""
"2025-08-02T19:54:27Z,""32.37295"",""64.7"",""0.00002887"",""node_01"",""29.3"",""27.375"""
"2025-08-02T19:42:58Z,""32.45976"",""64.1"",""0.000568779"",""node_01"",""29.4"",""27.625"""
"2025-08-02T19:32:08Z,""32.88243"",""63.2"",""0.000087206"",""node_01"",""29.7"",""27.875"""
"2025-08-02T19:20:51Z,""33.00241"",""62.8"",""0.00001435"",""node_01"",""29.8"",""28.125"""
"2025-08-02T19:08:57Z,""33.41928"",""61.9"",""0.001274888"",""node_01"",""30.1"",""28.4375"""
"2025-08-02T18:58:05Z,""33.73926"",""61.5"",""0.00002887"",""node_01"",""30.3"",""28.9375"""
"2025-08-02T18:47:15Z,""33.96748"",""61.6"",""0.000297855"",""node_01"",""30.4"",""29.0625"""
"2025-08-02T18:36:24Z,""34.08363"",""61.2"",""0.000206102"",""node_01"",""30.5"",""29.375"""
"2025-08-02T18:25:59Z,""33.94487"",""61.5"",""0.00000610765987"",""node_01"",""30.4"",""29.3125"""
"2025-08-02T18:14:55Z,""34.6912"",""61.1"",""0.00000610765987"",""node_01"",""30.8"",""29.4375"""
"2025-08-02T18:04:17Z,""34.6181"",""60.8"",""0.00001435"",""node_01"",""30.8"",""29.75"""
"2025-08-02T17:52:18Z,""34.7569"",""60.5"",""0.00001435"",""node_01"",""30.9"",""30.0625"""
"2025-08-02T17:41:27Z,""35.22206"",""59.8"",""0"",""node_01"",""31.2"",""30.3125"""
"2025-08-02T17:30:28Z,""35.25536"",""59.1"",""0.000052182"",""node_01"",""31.3"",""30.6875"""
"2025-08-02T17:19:07Z,""35.49681"",""59.2"",""0.00000610765987"",""node_01"",""31.4"",""31"""
"2025-08-02T17:06:06Z,""35.68735"",""59.1"",""0.000052182"",""node_01"",""31.5"",""31.4375"""
"2025-08-02T16:53:47Z,""32.52762"",""70.1"",""0.000297855"",""node_01"",""28.9"",""31.6875"""
"2025-08-01T12:38:23Z,""34.40453"",""55.7"",""0.000087206"",""node_01"",""31.3"",""35"""
"2025-08-01T12:22:44Z,""33.93667"",""56.2"",""0.00002887"",""node_01"",""31"",""34.375"""
"2025-08-01T12:11:28Z,""33.58856"",""55.5"",""0.000206102"",""node_01"",""30.9"",""34.5625"""
"2025-08-01T12:01:01Z,""33.4572"",""57.5"",""0.00001435"",""node_01"",""30.6"",""34.25"""
"2025-08-01T11:49:28Z,""33.45927"",""59.3"",""0.000087206"",""node_01"",""30.4"",""34.375"""
"2025-08-01T11:38:34Z,""32.94916"",""58.7"",""0.022127274"",""node_01"",""30.2"",""34.25"""
"2025-08-01T11:27:41Z,""32.70511"",""61.3"",""0.00000610765987"",""node_01"",""29.8"",""33.1875"""
"2025-08-01T11:16:49Z,""32.55183"",""61.5"",""0"",""node_01"",""29.7"",""34"""
"2025-08-01T11:05:08Z,""32.23893"",""62.9"",""0.000137268"",""node_01"",""29.4"",""35.25"""
"2025-08-01T10:52:57Z,""31.75898"",""63.4"",""0.00000610765987"",""node_01"",""29.1"",""32.625"""
"2025-08-01T10:42:04Z,""31.82687"",""63.8"",""0.000297855"",""node_01"",""29.1"",""32.5"""
"2025-08-01T10:30:43Z,""31.55049"",""64.4"",""0.0000004327743006"",""node_01"",""28.9"",""34.3125"""
"2025-08-01T10:20:17Z,""31.1335"",""65.3"",""0.000087206"",""node_01"",""28.6"",""35.125"""
"2025-08-01T10:09:51Z,""30.7688"",""65.3"",""0.00001435"",""node_01"",""28.4"",""34.0625"""
"2025-08-01T09:59:19Z,""30.36735"",""66.3"",""0.000052182"",""node_01"",""28.1"",""32.9375"""
"2025-08-01T09:48:52Z,""30.08887"",""66.9"",""0.00000610765987"",""node_01"",""27.9"",""31.1875"""
"2025-08-01T09:37:31Z,""30.01966"",""67.8"",""0.00002887"",""node_01"",""27.8"",""32.4375"""
"2025-08-01T09:25:06Z,""29.87719"",""68.1"",""0.000052182"",""node_01"",""27.7"",""30.9375"""
"2025-08-01T09:14:02Z,""29.61244"",""68.9"",""0.000297855"",""node_01"",""27.5"",""31.5625"""
"2025-08-01T09:03:13Z,""29.46824"",""69.2"",""0.000087206"",""node_01"",""27.4"",""30.3125"""
"2025-08-01T08:51:47Z,""29.5804"",""70.3"",""0.000002033830708"",""node_01"",""27.4"",""29.5"""
"2025-08-01T08:40:38Z,""29.25323"",""70.6"",""0.00001435"",""node_01"",""27.2"",""28.5625"""
"2025-08-01T08:26:23Z,""29.2813"",""70.9"",""0.00002887"",""node_01"",""27.2"",""28.625"""
"2025-08-01T08:15:43Z,""29.21205"",""72.1"",""0.000206102"",""node_01"",""27.1"",""28.125"""
"2025-08-01T08:02:07Z,""28.95137"",""73.3"",""0"",""node_01"",""26.9"",""27.0625"""
"2025-08-01T07:45:30Z,""28.62769"",""73.8"",""0.000052182"",""node_01"",""26.7"",""25.1875"""
"2025-08-01T07:34:58Z,""28.30455"",""74.3"",""0.00002887"",""node_01"",""26.5"",""24.5625"""
"2025-08-01T07:24:25Z,""27.982"",""74.8"",""0.00002887"",""node_01"",""26.3"",""24"""
"2025-08-01T07:13:34Z,""27.3196"",""75.2"",""0.00001435"",""node_01"",""25.9"",""23.5"""
"2025-08-01T07:00:08Z,""27.14191"",""74.7"",""0.00000610765987"",""node_01"",""25.8"",""23.25"""
"2025-08-01T06:49:18Z,""27.4494"",""74.2"",""0.000297855"",""node_01"",""26"",""23.3125"""
"2025-08-01T06:38:01Z,""27.442"",""74"",""0.00002887"",""node_01"",""26"",""23.25"""
"2025-08-01T06:27:22Z,""27.90951"",""73.4"",""0.000087206"",""node_01"",""26.3"",""23.375"""
"2025-08-01T06:16:31Z,""28.36326"",""72.5"",""0.00000003084331253"",""node_01"",""26.6"",""23.625"""
"2025-08-01T06:00:07Z,""28.54217"",""72.6"",""0.00000610765987"",""node_01"",""26.7"",""23.75"""
"2025-08-01T05:45:38Z,""28.51391"",""72.2"",""0.000052182"",""node_01"",""26.7"",""23.875"""
"2025-08-01T05:32:03Z,""28.86235"",""72.2"",""0.000417086"",""node_01"",""26.9"",""24.125"""
"2025-08-01T05:19:56Z,""28.52802"",""72.4"",""0.000052182"",""node_01"",""26.7"",""24.25"""
"2025-08-01T05:09:04Z,""28.53509"",""72.5"",""0.00001435"",""node_01"",""26.7"",""24.3125"""
"2025-08-01T04:58:39Z,""28.52096"",""72.3"",""0.000087206"",""node_01"",""26.7"",""24.125"""
"2025-08-01T04:48:12Z,""28.6793"",""72.1"",""0.000087206"",""node_01"",""26.8"",""24.0625"""
"2025-08-01T04:37:14Z,""28.85431"",""72.1"",""0.000052182"",""node_01"",""26.9"",""24.25"""
"2025-08-01T04:26:55Z,""28.83828"",""71.9"",""0.00000610765987"",""node_01"",""26.9"",""24.125"""
"2025-08-01T04:13:06Z,""28.79836"",""71.4"",""0.00002887"",""node_01"",""26.9"",""24.125"""
"2025-08-01T04:02:27Z,""29.43101"",""70.6"",""0.0000004327743006"",""node_01"",""27.3"",""24.3125"""
"2025-08-01T03:50:58Z,""29.75095"",""70.2"",""0"",""node_01"",""27.5"",""24.5625"""
"2025-08-01T03:40:19Z,""29.42119"",""70.5"",""0.000052182"",""node_01"",""27.3"",""24.4375"""
"2025-08-01T03:29:53Z,""29.09569"",""70.8"",""0.000052182"",""node_01"",""27.1"",""24.4375"""
"2025-08-01T03:17:07Z,""29.60099"",""70.5"",""0.00002887"",""node_01"",""27.4"",""24.25"""
"2025-08-01T03:06:41Z,""29.09569"",""70.8"",""0.000137268"",""node_01"",""27.1"",""24.1875"""
"2025-08-01T02:54:33Z,""29.2439"",""70.5"",""0.00000003084331253"",""node_01"",""27.2"",""24.4375"""
"2025-08-01T02:43:55Z,""29.41138"",""70.4"",""0.000002033830708"",""node_01"",""27.3"",""24.625"""
"2025-08-01T02:33:17Z,""29.57013"",""70.2"",""0.000568779"",""node_01"",""27.4"",""24.625"""
"2025-08-01T02:18:49Z,""29.7402"",""70.1"",""0.000087206"",""node_01"",""27.5"",""24.75"""
"2025-08-01T02:06:16Z,""29.90059"",""69.9"",""0.00001435"",""node_01"",""27.6"",""24.875"""
"2025-08-01T01:54:17Z,""29.9118"",""70"",""0.00001435"",""node_01"",""27.6"",""25"""
"2025-08-01T01:43:01Z,""29.9118"",""70"",""0"",""node_01"",""27.6"",""25.125"""
"2025-08-01T01:31:31Z,""29.93429"",""70.2"",""0.00000610765987"",""node_01"",""27.6"",""25.25"""
"2025-08-01T01:20:15Z,""30.12013"",""70.2"",""0.000568779"",""node_01"",""27.7"",""25.3125"""
"2025-08-01T01:09:36Z,""30.30847"",""70.2"",""0.00002887"",""node_01"",""27.8"",""25.375"""
"2025-08-01T00:59:11Z,""30.48656"",""70.1"",""0.000206102"",""node_01"",""27.9"",""25.375"""
"2025-08-01T00:48:46Z,""30.47381"",""70"",""0.00001435"",""node_01"",""27.9"",""25.375"""
"2025-08-01T00:38:20Z,""30.79246"",""69.5"",""0.000052182"",""node_01"",""28.1"",""25.4375"""
"2025-08-01T00:25:34Z,""30.91672"",""69"",""0.000137268"",""node_01"",""28.2"",""25.625"""
"2025-08-01T00:08:21Z,""31.08235"",""68.8"",""0.000052182"",""node_01"",""28.3"",""25.8125"""
"2025-07-31T23:57:30Z,""31.23354"",""68.5"",""0.00001435"",""node_01"",""28.4"",""25.875"""
"2025-07-31T23:46:38Z,""31.20372"",""68.3"",""0.00001435"",""node_01"",""28.4"",""25.8125"""
"2025-07-31T23:35:44Z,""31.17401"",""68.1"",""0.00002887"",""node_01"",""28.4"",""26.0625"""
"2025-07-31T23:25:18Z,""31.33837"",""67.9"",""0.00001435"",""node_01"",""28.5"",""26.0625"""
"2025-07-31T23:12:43Z,""31.47182"",""67.5"",""0.000087206"",""node_01"",""28.6"",""26.0625"""
"2025-07-31T23:00:49Z,""31.66861"",""67.5"",""0.000206102"",""node_01"",""28.7"",""26.1875"""
"2025-07-31T22:48:25Z,""31.65244"",""67.4"",""0.00001435"",""node_01"",""28.7"",""26.125"""
"2025-07-31T22:37:58Z,""31.65244"",""67.4"",""0.00000610765987"",""node_01"",""28.7"",""26.25"""
"2025-07-31T22:27:24Z,""31.66861"",""67.5"",""0.00000610765987"",""node_01"",""28.7"",""26.3125"""
"2025-07-31T22:16:28Z,""31.80123"",""67.1"",""0.00002887"",""node_01"",""28.8"",""26.25"""
"2025-07-31T22:05:48Z,""31.9157"",""66.6"",""0.00000610765987"",""node_01"",""28.9"",""26.4375"""
"2025-07-31T21:50:29Z,""32.04556"",""66.2"",""0.000052182"",""node_01"",""29"",""26.4375"""
"2025-07-31T21:40:02Z,""32.19196"",""65.9"",""0.000002033830708"",""node_01"",""29.1"",""26.5"""
"2025-07-31T21:25:19Z,""32.39254"",""65.9"",""0.000758342"",""node_01"",""29.2"",""26.5625"""
"2025-07-31T21:14:15Z,""32.61425"",""66"",""0.0000004327743006"",""node_01"",""29.3"",""26.75"""
"2025-07-31T21:03:50Z,""32.59548"",""65.9"",""0.00002887"",""node_01"",""29.3"",""26.875"""
"2025-07-31T20:52:46Z,""32.53937"",""65.6"",""0.006245971"",""node_01"",""29.3"",""26.8125"""
"2025-07-31T20:41:55Z,""32.78152"",""65.8"",""0.00001435"",""node_01"",""29.4"",""26.875"""
"2025-07-31T20:31:04Z,""32.96892"",""65.7"",""0.00001435"",""node_01"",""29.5"",""27"""
"2025-07-31T20:19:47Z,""32.96892"",""65.7"",""0.00002887"",""node_01"",""29.5"",""27.0625"""
"2025-07-31T20:09:21Z,""33.17788"",""65.7"",""0.00002887"",""node_01"",""29.6"",""27.1875"""
"2025-07-31T19:58:55Z,""33.36846"",""65.6"",""0.000002033830708"",""node_01"",""29.7"",""27.375"""
"2025-07-31T19:47:00Z,""33.75361"",""65.4"",""0.000087206"",""node_01"",""29.9"",""27.4375"""
"2025-07-31T19:36:22Z,""34.00877"",""64.6"",""0.000297855"",""node_01"",""30.1"",""27.5625"""
"2025-07-31T19:25:52Z,""34.1669"",""63.4"",""0"",""node_01"",""30.3"",""27.75"""
"2025-07-31T19:15:12Z,""34.38232"",""63.4"",""0.000206102"",""node_01"",""30.4"",""28.0625"""
"2025-07-31T19:04:32Z,""34.84327"",""62.6"",""0.00002887"",""node_01"",""30.7"",""28.5"""
"2025-07-31T18:53:16Z,""35.08173"",""61.8"",""0.000052182"",""node_01"",""30.9"",""28.8125"""
"2025-07-31T18:42:49Z,""35.31541"",""61"",""0.000206102"",""node_01"",""31.1"",""29.3125"""
"2025-07-31T18:32:24Z,""35.57669"",""59.5"",""0.00000003084331253"",""node_01"",""31.4"",""29.3125"""
"2025-07-31T18:21:08Z,""36.01605"",""58.7"",""0.000137268"",""node_01"",""31.7"",""29.9375"""
"2025-07-31T18:08:07Z,""35.96053"",""58.5"",""0.000087206"",""node_01"",""31.7"",""30.25"""
"2025-07-31T17:57:29Z,""36.41376"",""57"",""0.000052182"",""node_01"",""32.1"",""30.5625"""
"2025-07-31T17:46:12Z,""36.82716"",""56.9"",""0.000087206"",""node_01"",""32.3"",""31.0625"""
"2025-07-31T17:34:03Z,""36.84019"",""56.2"",""0.00001435"",""node_01"",""32.4"",""31.375"""
"2025-07-31T17:21:05Z,""37.13309"",""55.7"",""0.00002887"",""node_01"",""32.6"",""31.375"""
"2025-07-31T17:10:26Z,""37.7142"",""55.4"",""0.00002887"",""node_01"",""32.9"",""32.0625"""
"2025-07-31T16:59:48Z,""37.68411"",""54.6"",""0.000052182"",""node_01"",""33"",""32.375"""
"2025-07-31T16:48:45Z,""38.10483"",""54.5"",""0.000087206"",""node_01"",""33.2"",""32.625"""
"2025-07-31T16:37:53Z,""38.03898"",""54.3"",""0.000137268"",""node_01"",""33.2"",""32.6875"""
"2025-07-31T16:25:57Z,""37.68411"",""54.6"",""0.00000610765987"",""node_01"",""33"",""32.625"""
"2025-07-31T16:12:20Z,""37.84508"",""54.4"",""0.00001435"",""node_01"",""33.1"",""33.0625"""
"2025-07-31T16:01:41Z,""38.27076"",""55"",""0.000052182"",""node_01"",""33.2"",""33.875"""
"2025-07-31T15:50:51Z,""37.81273"",""54.3"",""0.002494235"",""node_01"",""33.1"",""33.25"""
"2025-07-31T15:40:12Z,""38.04073"",""55"",""0.00002887"",""node_01"",""33.1"",""34.125"""
"2025-07-31T15:26:21Z,""37.33132"",""54.9"",""0.000002033830708"",""node_01"",""32.8"",""33.4375"""
"2025-07-31T15:15:18Z,""37.07912"",""54.8"",""0.000052182"",""node_01"",""32.7"",""34.125"""
"2025-07-31T15:03:49Z,""36.95041"",""55.1"",""0.0000004327743006"",""node_01"",""32.6"",""34.25"""
"2025-07-31T14:52:38Z,""37.07192"",""55.5"",""0.00002887"",""node_01"",""32.6"",""34.6875"""
"2025-07-31T14:41:54Z,""36.91122"",""55.7"",""0.000052182"",""node_01"",""32.5"",""34.3125"""
"2025-07-31T14:30:12Z,""36.69136"",""55.7"",""0.00002887"",""node_01"",""32.4"",""33.9375"""
"2025-07-31T14:19:21Z,""36.51495"",""55.1"",""0.00001435"",""node_01"",""32.4"",""34.25"""
"2025-07-31T14:08:30Z,""36.30018"",""55.1"",""0"",""node_01"",""32.3"",""34.3125"""
"2025-07-31T13:57:00Z,""36.37238"",""56.1"",""0.00000610765987"",""node_01"",""32.2"",""34.8125"""
"2025-07-31T13:46:34Z,""36.22908"",""55.6"",""0.000002033830708"",""node_01"",""32.2"",""34.4375"""
"2025-07-31T13:36:09Z,""35.91476"",""56"",""0.000087206"",""node_01"",""32"",""34.625"""
"2025-07-31T13:25:42Z,""35.568"",""55.5"",""0.00000610765987"",""node_01"",""31.9"",""34.8125"""
"2025-07-31T13:13:46Z,""35.23652"",""56.6"",""0.00002887"",""node_01"",""31.6"",""35"""
"2025-07-31T12:55:03Z,""34.87608"",""56.8"",""0.000002033830708"",""node_01"",""31.4"",""34.875"""
"2025-07-31T12:40:50Z,""34.84067"",""58.3"",""0.00002887"",""node_01"",""31.2"",""34.1875"""
"2025-07-31T12:28:24Z,""34.32148"",""58.7"",""0.000087206"",""node_01"",""30.9"",""34.4375"""
"2025-07-31T12:15:47Z,""34.17199"",""59.8"",""0"",""node_01"",""30.7"",""33.6875"""
"2025-07-31T12:03:31Z,""33.69927"",""60.4"",""0.0000004327743006"",""node_01"",""30.4"",""33.3125"""
"2025-07-31T11:52:11Z,""33.4561"",""60.2"",""0.00000610765987"",""node_01"",""30.3"",""34.0625"""
"2025-07-31T11:40:01Z,""33.49278"",""61.3"",""0.00002887"",""node_01"",""30.2"",""34.0625"""
"2025-07-31T11:29:36Z,""33.16228"",""62.6"",""0.00001435"",""node_01"",""29.9"",""33.5625"""
"2025-07-31T11:16:04Z,""32.66722"",""62.1"",""0.000002033830708"",""node_01"",""29.7"",""34.25"""
"2025-07-31T11:04:31Z,""32.18453"",""62.6"",""0.000137268"",""node_01"",""29.4"",""34.5625"""
"2025-07-31T10:52:18Z,""31.89077"",""62"",""0.000137268"",""node_01"",""29.3"",""34.625"""
"2025-07-31T10:41:13Z,""31.69162"",""63"",""0.00002887"",""node_01"",""29.1"",""34.6875"""
"2025-07-31T07:33:08Z,""28.77798"",""73.4"",""0.000206102"",""node_01"",""26.8"",""25.8125"""
"2025-07-31T07:22:17Z,""28.79329"",""73.6"",""0.000991618"",""node_01"",""26.8"",""25.625"""
"2025-07-31T07:11:26Z,""28.64205"",""74"",""0.000002033830708"",""node_01"",""26.7"",""25.375"""
"2025-07-31T06:59:26Z,""28.64925"",""74.1"",""0.000137268"",""node_01"",""26.7"",""25.125"""
"2025-07-31T06:48:35Z,""28.82403"",""74"",""0.000087206"",""node_01"",""26.8"",""25.1875"""
"2025-07-31T06:37:43Z,""28.98403"",""73.7"",""0.000052182"",""node_01"",""26.9"",""25.375"""
"2025-07-31T06:26:13Z,""28.96768"",""73.5"",""0.000206102"",""node_01"",""26.9"",""25.5625"""
"2025-07-31T06:15:08Z,""28.7627"",""73.2"",""0.00002887"",""node_01"",""26.8"",""25.75"""
"2025-07-31T06:00:54Z,""28.74746"",""73"",""0.00001435"",""node_01"",""26.8"",""25.625"""
"2025-07-31T05:49:49Z,""28.57055"",""73"",""0.000087206"",""node_01"",""26.7"",""25.5"""
"2025-07-31T05:39:23Z,""28.54925"",""72.7"",""0.00002887"",""node_01"",""26.7"",""25.375"""
"2025-07-31T05:28:45Z,""28.69439"",""72.3"",""0.00002887"",""node_01"",""26.8"",""25.1875"""
"2025-07-31T05:18:04Z,""28.69439"",""72.3"",""0.00001435"",""node_01"",""26.8"",""25.3125"""
"2025-07-31T05:06:56Z,""28.6793"",""72.1"",""0.003049359"",""node_01"",""26.8"",""25.1875"""
"2025-07-31T04:56:17Z,""28.90266"",""72.7"",""0.000087206"",""node_01"",""26.9"",""25.3125"""
"2025-07-31T04:45:39Z,""28.97585"",""73.6"",""0.00000610765987"",""node_01"",""26.9"",""25.25"""
"2025-07-31T04:35:10Z,""28.95137"",""73.3"",""0.0000004327743006"",""node_01"",""26.9"",""25.3125"""
"2025-07-31T04:24:44Z,""29.12635"",""73.2"",""0.00000610765987"",""node_01"",""27"",""25.4375"""
"2025-07-31T04:13:52Z,""29.17844"",""73.8"",""0.002018781"",""node_01"",""27"",""25.625"""
"2025-07-31T04:02:47Z,""29.20463"",""74.1"",""0.00001435"",""node_01"",""27"",""25.6875"""
"2025-07-31T03:52:21Z,""29.22215"",""74.3"",""0.00001435"",""node_01"",""27"",""25.625"""
"2025-07-31T03:41:55Z,""29.45088"",""74.7"",""0.000297855"",""node_01"",""27.1"",""25.625"""
"2025-07-31T03:31:16Z,""29.38577"",""74"",""0.000002033830708"",""node_01"",""27.1"",""25.6875"""
"2025-07-31T03:19:33Z,""29.33963"",""73.5"",""0.000087206"",""node_01"",""27.1"",""25.5625"""
"2025-07-31T03:08:22Z,""29.51012"",""73.3"",""0.00001435"",""node_01"",""27.2"",""25.5625"""
"2025-07-31T02:58:02Z,""29.54899"",""73.7"",""0.002494235"",""node_01"",""27.2"",""25.625"""
"2025-07-31T02:45:17Z,""29.76313"",""73.9"",""0.00001435"",""node_01"",""27.3"",""25.625"""
"2025-07-31T02:34:38Z,""29.79409"",""74.2"",""0.000137268"",""node_01"",""27.3"",""25.75"""
"2025-07-31T02:23:53Z,""29.94957"",""73.8"",""0.00000610765987"",""node_01"",""27.4"",""25.875"""
"2025-07-31T02:13:34Z,""29.90643"",""73.4"",""0.000087206"",""node_01"",""27.4"",""25.875"""
"2025-07-31T02:02:30Z,""30.10365"",""73.4"",""0.00000610765987"",""node_01"",""27.5"",""25.875"""
"2025-07-31T01:52:03Z,""30.16027"",""73.9"",""0.000052182"",""node_01"",""27.5"",""25.9375"""
"2025-07-31T01:41:37Z,""30.64294"",""74.5"",""0.000002033830708"",""node_01"",""27.7"",""26.0625"""
"2025-07-31T01:30:43Z,""30.63039"",""74.4"",""0.000087206"",""node_01"",""27.7"",""26.125"""
"2025-07-31T01:19:38Z,""30.58039"",""74"",""0.000137268"",""node_01"",""27.7"",""26.1875"""
"2025-07-31T01:07:56Z,""30.76274"",""73.8"",""0.00002887"",""node_01"",""27.8"",""26.125"""
"2025-07-31T00:57:30Z,""30.98613"",""73.9"",""0.00002887"",""node_01"",""27.9"",""26.125"""
"2025-07-31T00:46:52Z,""30.98613"",""73.9"",""0.000087206"",""node_01"",""27.9"",""26.125"""
"2025-07-31T00:36:13Z,""30.93215"",""73.5"",""0.000052182"",""node_01"",""27.9"",""26.125"""
"2025-07-31T00:25:48Z,""30.89188"",""73.2"",""0.00000610765987"",""node_01"",""27.9"",""26.3125"""
"2025-07-31T00:15:09Z,""30.86513"",""73"",""0.00002887"",""node_01"",""27.9"",""26.375"""
"2025-07-31T00:04:29Z,""31.03167"",""72.7"",""0.000052182"",""node_01"",""28"",""26.375"""
"2025-07-30T23:54:03Z,""30.94908"",""72.1"",""0.000052182"",""node_01"",""28"",""26.3125"""
"2025-07-30T23:43:38Z,""31.14071"",""72"",""0.000137268"",""node_01"",""28.1"",""26.375"""
"2025-07-30T23:33:12Z,""31.08404"",""71.6"",""0.0000004327743006"",""node_01"",""28.1"",""26.375"""
"2025-07-30T23:22:46Z,""31.05584"",""71.4"",""0.000087206"",""node_01"",""28.1"",""26.5"""
"2025-07-30T23:12:07Z,""31.24592"",""71.3"",""0.000206102"",""node_01"",""28.2"",""26.5"""
"2025-07-30T23:01:51Z,""31.26052"",""71.4"",""0.00002887"",""node_01"",""28.2"",""26.5625"""
"2025-07-30T22:50:34Z,""31.46775"",""71.4"",""0.00001435"",""node_01"",""28.3"",""26.5"""
"2025-07-30T22:40:08Z,""31.61499"",""71"",""0.000087206"",""node_01"",""28.4"",""26.625"""
"2025-07-30T22:29:04Z,""31.58389"",""70.8"",""0.000206102"",""node_01"",""28.4"",""26.6875"""
"2025-07-30T22:17:59Z,""31.63058"",""71.1"",""0.000052182"",""node_01"",""28.4"",""26.6875"""
"2025-07-30T22:07:21Z,""31.88984"",""71.4"",""0.000087206"",""node_01"",""28.5"",""26.75"""
"2025-07-30T21:56:48Z,""32.15515"",""71.7"",""0.000137268"",""node_01"",""28.6"",""26.8125"""
"2025-07-30T21:46:29Z,""32.35682"",""71.6"",""0.00002887"",""node_01"",""28.7"",""26.8125"""
"2025-07-30T21:35:38Z,""32.47082"",""71"",""0.000052182"",""node_01"",""28.8"",""26.9375"""
"2025-07-30T21:25:10Z,""32.45308"",""70.9"",""0"",""node_01"",""28.8"",""27"""
"2025-07-30T21:14:44Z,""32.56374"",""70.3"",""0.00001435"",""node_01"",""28.9"",""27.0625"""
"2025-07-30T21:03:59Z,""32.78271"",""70.3"",""0.000052182"",""node_01"",""29"",""27.0625"""
"2025-07-30T20:53:27Z,""32.9277"",""69.9"",""0.00002887"",""node_01"",""29.1"",""27.125"""
"2025-07-30T20:43:01Z,""33.11033"",""69.7"",""0"",""node_01"",""29.2"",""27.25"""
"2025-07-30T20:31:57Z,""33.14947"",""69.9"",""0.0000004327743006"",""node_01"",""29.2"",""27.3125"""
"2025-07-30T20:21:30Z,""33.31342"",""69.6"",""0.000052182"",""node_01"",""29.3"",""27.375"""
"2025-07-30T20:09:21Z,""33.05187"",""69.4"",""0.0000004327743006"",""node_01"",""29.2"",""27.375"""
"2025-07-30T19:58:55Z,""33.31402"",""68.5"",""0.00002887"",""node_01"",""29.4"",""27.4375"""
"2025-07-30T19:48:04Z,""33.25355"",""68.2"",""0.000087206"",""node_01"",""29.4"",""27.6875"""
"2025-07-30T19:37:38Z,""33.69574"",""68.2"",""0.000568779"",""node_01"",""29.6"",""27.875"""
"2025-07-30T19:26:22Z,""33.65343"",""68"",""0.000087206"",""node_01"",""29.6"",""28"""
"2025-07-30T19:15:36Z,""34.30894"",""67.9"",""0.000087206"",""node_01"",""29.9"",""28.0625"""
"2025-07-30T19:05:04Z,""34.53933"",""67.9"",""0.006245971"",""node_01"",""30"",""28.3125"""
"2025-07-30T18:54:38Z,""35.14549"",""67.5"",""0.000052182"",""node_01"",""30.3"",""28.5625"""
"2025-07-30T18:43:40Z,""35.62955"",""66.6"",""0.00001435"",""node_01"",""30.6"",""29"""
"2025-07-30T18:33:21Z,""36.11174"",""66.6"",""0.000087206"",""node_01"",""30.8"",""29.25"""
"2025-07-30T18:22:43Z,""36.2181"",""66.1"",""0.000568779"",""node_01"",""30.9"",""29.4375"""
"2025-07-30T18:12:05Z,""36.28454"",""64.6"",""0.000087206"",""node_01"",""31.1"",""29.5"""
"2025-07-30T18:01:00Z,""36.56567"",""63.9"",""0.00000610765987"",""node_01"",""31.3"",""29.8125"""
"2025-07-30T17:50:10Z,""36.93124"",""63.5"",""0.000758342"",""node_01"",""31.5"",""30.0625"""
"2025-07-30T17:39:25Z,""37.41716"",""64.3"",""0.000087206"",""node_01"",""31.6"",""30.5"""
"2025-07-30T17:28:51Z,""37.29535"",""63.9"",""0.00000610765987"",""node_01"",""31.6"",""30.125"""
"2025-07-30T17:18:13Z,""37.60509"",""64.1"",""0.00001435"",""node_01"",""31.7"",""30.625"""
"2025-07-30T17:07:35Z,""37.51226"",""63.8"",""0.000002033830708"",""node_01"",""31.7"",""31.75"""
"2025-07-30T16:56:44Z,""37.66727"",""64.3"",""0.00000610765987"",""node_01"",""31.7"",""30.9375"""
"2025-07-30T16:46:06Z,""38.17012"",""63.5"",""0.00001435"",""node_01"",""32"",""31.5"""
"2025-07-30T16:35:41Z,""38.5019"",""62.2"",""0.000297855"",""node_01"",""32.3"",""32.0625"""
"2025-07-30T16:23:06Z,""38.48122"",""62.9"",""0.00000610765987"",""node_01"",""32.2"",""33.125"""
"2025-07-30T16:12:02Z,""38.62051"",""61.8"",""0.00000610765987"",""node_01"",""32.4"",""31.5"""
"2025-07-30T16:01:23Z,""38.88791"",""61.1"",""0.00000610765987"",""node_01"",""32.6"",""32.6875"""
"2025-07-30T15:50:34Z,""39.07214"",""60.9"",""0.000052182"",""node_01"",""32.7"",""33"""
"2025-07-30T15:38:14Z,""38.92229"",""61.2"",""0.000206102"",""node_01"",""32.6"",""33.4375"""
"2025-07-30T15:27:23Z,""39.77369"",""60"",""0.00002887"",""node_01"",""33.1"",""32.9375"""
"2025-07-30T15:14:25Z,""39.30525"",""58"",""0.000052182"",""node_01"",""33.2"",""33.9375"""
"2025-07-30T15:01:27Z,""38.70749"",""58.4"",""0.00001435"",""node_01"",""32.9"",""34.0625"""
"2025-07-30T14:50:36Z,""38.67665"",""57.6"",""0"",""node_01"",""33"",""33.875"""
"2025-07-30T14:38:04Z,""38.59191"",""59.5"",""0.000297855"",""node_01"",""32.7"",""34.0625"""
"2025-07-30T14:25:31Z,""38.4572"",""59.1"",""0.000087206"",""node_01"",""32.7"",""33.6875"""
"2025-07-30T14:14:40Z,""38.7417"",""58.5"",""0.00000610765987"",""node_01"",""32.9"",""34.8125"""
"2025-07-30T14:03:02Z,""37.82395"",""57.9"",""0.00001435"",""node_01"",""32.6"",""35.125"""
"2025-07-30T13:50:49Z,""37.88839"",""58.1"",""0.000137268"",""node_01"",""32.6"",""34.6875"""
"2025-07-30T13:39:45Z,""37.51477"",""58.4"",""0.000137268"",""node_01"",""32.4"",""34.5"""
"2025-07-30T13:29:20Z,""37.38957"",""59.5"",""0.000758342"",""node_01"",""32.2"",""35"""
"2025-07-30T13:18:40Z,""37.52561"",""60.7"",""0.000052182"",""node_01"",""32.1"",""34.1875"""
"2025-07-30T13:08:09Z,""37.75403"",""62.2"",""0.00002887"",""node_01"",""32"",""34.6875"""
"2025-07-30T12:57:36Z,""37.20195"",""61.2"",""0.000052182"",""node_01"",""31.9"",""34.5"""
"2025-07-30T12:47:11Z,""37.11619"",""62.5"",""0.00000610765987"",""node_01"",""31.7"",""34.875"""
"2025-07-30T12:36:00Z,""36.78429"",""63"",""0.00000610765987"",""node_01"",""31.5"",""35.0625"""
"2025-07-30T12:25:22Z,""36.28454"",""64.6"",""0.003692756"",""node_01"",""31.1"",""34.375"""
"2025-07-30T12:15:02Z,""35.97239"",""65.2"",""0.000087206"",""node_01"",""30.9"",""33.8125"""
"2025-07-30T12:04:30Z,""35.29231"",""63.5"",""0"",""node_01"",""30.8"",""34.375"""
"2025-07-30T11:53:32Z,""35.76221"",""65.3"",""0"",""node_01"",""30.8"",""32.9375"""
"2025-07-30T11:42:41Z,""35.57212"",""63.7"",""0.00001435"",""node_01"",""30.9"",""32.375"""
"2025-07-30T11:31:25Z,""35.21558"",""63.2"",""0.003049359"",""node_01"",""30.8"",""34.8125"""
"2025-07-30T11:20:59Z,""34.91845"",""63.8"",""0.00002887"",""node_01"",""30.6"",""34.6875"""
"2025-07-30T11:10:34Z,""34.18013"",""64.4"",""0.00001435"",""node_01"",""30.2"",""35.5"""
"2025-07-30T11:00:08Z,""33.81889"",""65.7"",""0"",""node_01"",""29.9"",""33.375"""
"2025-07-30T10:49:24Z,""33.68835"",""66.1"",""0.006245971"",""node_01"",""29.8"",""33.5"""
"2025-07-30T10:38:50Z,""33.84073"",""65.8"",""0.00002887"",""node_01"",""29.9"",""31.125"""
"2025-07-30T10:27:41Z,""33.55655"",""66.5"",""0.000052182"",""node_01"",""29.7"",""35.25"""
"2025-07-30T10:17:03Z,""33.65343"",""68"",""0.00002887"",""node_01"",""29.6"",""33.9375"""
"2025-07-30T10:06:12Z,""33.25342"",""69.3"",""0.00000610765987"",""node_01"",""29.3"",""34.0625"""
"2025-07-30T09:55:18Z,""32.82"",""71.7"",""0.000052182"",""node_01"",""28.9"",""33.8125"""
"2025-07-30T09:44:40Z,""32.913"",""72.2"",""0.000087206"",""node_01"",""28.9"",""30.0625"""
"2025-07-30T09:33:57Z,""32.25678"",""72.3"",""0.00001435"",""node_01"",""28.6"",""33.25"""
"2025-07-30T09:23:04Z,""31.94787"",""73.1"",""0.000052182"",""node_01"",""28.4"",""31.875"""
"2025-07-30T09:12:38Z,""32.02899"",""75"",""0.000002033830708"",""node_01"",""28.3"",""29.375"""
"2025-07-30T09:02:13Z,""31.62208"",""75.3"",""0.00000610765987"",""node_01"",""28.1"",""29"""
"2025-07-30T08:51:15Z,""31.54352"",""76.3"",""0.000087206"",""node_01"",""28"",""29.75"""
"2025-07-30T08:40:47Z,""31.25595"",""77.5"",""0.00001435"",""node_01"",""27.8"",""30.375"""
"2025-07-30T08:30:00Z,""31.10686"",""78.1"",""0.000052182"",""node_01"",""27.7"",""28.1875"""
"2025-07-30T08:19:04Z,""30.72459"",""78.7"",""0.000137268"",""node_01"",""27.5"",""29.3125"""
"2025-07-30T08:07:27Z,""30.55583"",""79.2"",""0.000087206"",""node_01"",""27.4"",""29"""
"2025-07-30T07:55:48Z,""30.55583"",""79.2"",""0.000206102"",""node_01"",""27.4"",""28.125"""
"2025-07-30T07:45:22Z,""30.15734"",""79.7"",""0.00002887"",""node_01"",""27.2"",""27.3125"""
"2025-07-30T07:34:29Z,""29.95306"",""79.9"",""0.00000610765987"",""node_01"",""27.1"",""26.25"""
"2025-07-30T07:24:03Z,""29.97303"",""80.1"",""0.000002033830708"",""node_01"",""27.1"",""25.875"""
"2025-07-30T07:13:37Z,""29.7399"",""80"",""0.00001435"",""node_01"",""27"",""25.6875"""
"2025-07-30T07:03:11Z,""29.72113"",""79.8"",""0.0000004327743006"",""node_01"",""27"",""25.3125"""
"2025-07-30T06:52:45Z,""29.71176"",""79.7"",""0.000002033830708"",""node_01"",""27"",""25.1875"""
"2025-07-30T06:42:19Z,""29.7024"",""79.6"",""0.00002887"",""node_01"",""27"",""25.125"""
"2025-07-30T06:31:41Z,""29.69306"",""79.5"",""0.00000610765987"",""node_01"",""27"",""25.0625"""
"2025-07-30T06:21:16Z,""29.90335"",""79.4"",""0.00002887"",""node_01"",""27.1"",""25"""
"2025-07-30T06:10:50Z,""29.89345"",""79.3"",""0.163771035"",""node_01"",""27.1"",""25.0625"""
"2025-07-30T05:59:46Z,""29.89345"",""79.3"",""0"",""node_01"",""27.1"",""25.0625"""
"2025-07-30T05:49:20Z,""29.88355"",""79.2"",""0.00002887"",""node_01"",""27.1"",""25.125"""
"2025-07-30T05:38:47Z,""29.86381"",""79"",""0.000297855"",""node_01"",""27.1"",""25.1875"""
"2025-07-30T05:28:01Z,""30.06307"",""78.8"",""0.000297855"",""node_01"",""27.2"",""25.3125"""
"2025-07-30T05:17:11Z,""30.05266"",""78.7"",""0.00001435"",""node_01"",""27.2"",""25.3125"""
"2025-07-30T05:06:44Z,""30.27385"",""78.7"",""0.000052182"",""node_01"",""27.3"",""25.375"""
"2025-07-30T04:56:06Z,""30.25192"",""78.5"",""0.000052182"",""node_01"",""27.3"",""25.4375"""
"2025-07-30T04:45:40Z,""30.20822"",""78.1"",""0.00002887"",""node_01"",""27.3"",""25.3125"""
"2025-07-30T04:34:49Z,""30.17559"",""77.8"",""0.000052182"",""node_01"",""27.3"",""25.375"""
"2025-07-30T04:24:23Z,""30.37155"",""77.6"",""0.000052182"",""node_01"",""27.4"",""25.375"""
"2025-07-30T04:13:56Z,""30.3488"",""77.4"",""0.00002887"",""node_01"",""27.4"",""25.4375"""
"2025-07-30T04:02:40Z,""30.76505"",""77.2"",""0.000087206"",""node_01"",""27.6"",""25.5"""
"2025-07-30T03:51:49Z,""30.76505"",""77.2"",""0.0000004327743006"",""node_01"",""27.6"",""25.5625"""
"2025-07-30T03:40:19Z,""30.79004"",""77.4"",""0.00001435"",""node_01"",""27.6"",""25.5625"""
"2025-07-30T03:29:39Z,""31.06729"",""77.8"",""0.000052182"",""node_01"",""27.7"",""25.6875"""
"2025-07-30T03:18:19Z,""31.22861"",""77.3"",""0.000052182"",""node_01"",""27.8"",""25.75"""
"2025-07-30T03:07:15Z,""31.1606"",""76.8"",""0.000417086"",""node_01"",""27.8"",""25.75"""
"2025-07-30T02:56:37Z,""31.37322"",""76.7"",""0"",""node_01"",""27.9"",""25.875"""
"2025-07-30T02:45:29Z,""31.69415"",""74.3"",""0.0000004327743006"",""node_01"",""28.2"",""25.875"""
"2025-07-30T01:30:59Z,""31.90149"",""74.2"",""0.0000004327743006"",""node_01"",""28.3"",""26.1875"""
"2025-07-30T01:20:01Z,""32.11037"",""74.1"",""0.00002887"",""node_01"",""28.4"",""26.25"""
"2025-07-30T01:09:17Z,""32.30387"",""73.9"",""0.00002887"",""node_01"",""28.5"",""26.3125"""
"2025-07-30T00:58:00Z,""32.27013"",""73.7"",""0.00002887"",""node_01"",""28.5"",""26.3125"""
"2025-07-30T00:46:50Z,""32.27013"",""73.7"",""0.00001435"",""node_01"",""28.5"",""26.4375"""
"2025-07-30T00:36:13Z,""32.46305"",""73.5"",""0.00000610765987"",""node_01"",""28.6"",""26.5"""
"2025-07-30T00:24:43Z,""32.69222"",""73.5"",""0.000137268"",""node_01"",""28.7"",""26.4375"""
"2025-07-30T00:14:16Z,""32.42839"",""73.3"",""0.000052182"",""node_01"",""28.6"",""26.5625"""
"2025-07-30T00:03:50Z,""32.35941"",""72.9"",""0.00001435"",""node_01"",""28.6"",""26.625"""
"2025-07-29T23:52:47Z,""32.56744"",""72.8"",""0.000137268"",""node_01"",""28.7"",""26.6875"""
"2025-07-29T23:42:21Z,""32.34224"",""72.8"",""0.000137268"",""node_01"",""28.6"",""26.6875"""
"2025-07-29T23:31:27Z,""32.85024"",""73.1"",""0.00000610765987"",""node_01"",""28.8"",""26.6875"""
"2025-07-29T23:20:49Z,""32.86863"",""73.2"",""0.000052182"",""node_01"",""28.8"",""26.625"""
"2025-07-29T23:10:11Z,""32.86863"",""73.2"",""0.00002887"",""node_01"",""28.8"",""26.6875"""
"2025-07-29T22:59:45Z,""32.85024"",""73.1"",""0.00001435"",""node_01"",""28.8"",""26.8125"""
"2025-07-29T22:48:40Z,""33.04449"",""72.9"",""0.000417086"",""node_01"",""28.9"",""26.8125"""
"2025-07-29T22:38:14Z,""33.00677"",""72.7"",""0.00000610765987"",""node_01"",""28.9"",""26.875"""
"2025-07-29T22:27:48Z,""33.2198"",""72.6"",""0.000137268"",""node_01"",""29"",""26.9375"""
"2025-07-29T22:06:49Z,""33.43429"",""72.5"",""0.000087206"",""node_01"",""29.1"",""26.9375"""
"2025-07-29T21:56:23Z,""33.12333"",""72.1"",""0.000087206"",""node_01"",""29"",""27.0625"""
"2025-07-29T21:45:50Z,""33.2957"",""71.8"",""0"",""node_01"",""29.1"",""27.125"""
"2025-07-29T21:35:12Z,""33.1782"",""71.2"",""0.00000610765987"",""node_01"",""29.1"",""27.125"""
"2025-07-29T21:24:47Z,""33.34723"",""70.9"",""0.00001435"",""node_01"",""29.2"",""27.1875"""
"2025-07-29T21:13:55Z,""33.47498"",""70.4"",""0.00001435"",""node_01"",""29.3"",""27.1875"""
"2025-07-29T21:03:30Z,""33.51571"",""70.6"",""0.00001435"",""node_01"",""29.3"",""27.1875"""
"2025-07-29T20:53:02Z,""33.53614"",""70.7"",""0"",""node_01"",""29.3"",""27.1875"""
"2025-07-29T20:42:35Z,""33.74641"",""70.6"",""0"",""node_01"",""29.4"",""27.25"""
"2025-07-29T20:31:57Z,""33.68367"",""70.3"",""0.00001435"",""node_01"",""29.4"",""27.25"""
"2025-07-29T20:21:31Z,""33.99617"",""69.6"",""0.00002887"",""node_01"",""29.6"",""27.375"""
"2025-07-29T20:11:05Z,""34.18422"",""69.4"",""0.0000004327743006"",""node_01"",""29.7"",""27.5625"""
"2025-07-29T20:00:40Z,""34.6079"",""69.2"",""0.000052182"",""node_01"",""29.9"",""27.625"""
"2025-07-29T19:50:14Z,""34.84388"",""68.2"",""0.000002033830708"",""node_01"",""30.1"",""27.75"""
"2025-07-29T19:39:35Z,""35.23195"",""66.9"",""0.00001435"",""node_01"",""30.4"",""27.9375"""
"2025-07-29T19:28:09Z,""35.62955"",""66.6"",""0.000087206"",""node_01"",""30.6"",""28.3125"""
"2025-07-29T19:17:30Z,""36.11174"",""66.6"",""0.00001435"",""node_01"",""30.8"",""28.5625"""
"2025-07-29T19:07:04Z,""36.2181"",""66.1"",""0.000002033830708"",""node_01"",""30.9"",""28.6875"""
"2025-07-29T18:56:26Z,""37.04573"",""66.4"",""0.00001435"",""node_01"",""31.2"",""29"""
"2025-07-29T18:45:53Z,""36.81204"",""65.6"",""0.00001435"",""node_01"",""31.2"",""29.1875"""
"2025-07-29T18:35:33Z,""37.19091"",""65.2"",""0.000137268"",""node_01"",""31.4"",""29.375"""
"2025-07-29T18:25:08Z,""37.63615"",""64.2"",""0.000052182"",""node_01"",""31.7"",""29.6875"""
"2025-07-29T18:14:03Z,""37.57426"",""63.2"",""0.00002887"",""node_01"",""31.8"",""29.9375"""
"2025-07-29T18:03:38Z,""37.65101"",""61.1"",""0.000087206"",""node_01"",""32.1"",""30.1875"""
"2025-07-29T17:52:34Z,""37.92608"",""61.2"",""0.00002887"",""node_01"",""32.2"",""30.625"""
"2025-07-29T17:42:09Z,""38.55334"",""61.6"",""0.000297855"",""node_01"",""32.4"",""30.625"""
"2025-07-29T17:31:43Z,""38.99125"",""61.4"",""0.00002887"",""node_01"",""32.6"",""31.375"""
"2025-07-29T17:21:05Z,""39.58425"",""60.9"",""0.000002033830708"",""node_01"",""32.9"",""31.5625"""
"2025-07-29T17:10:27Z,""39.47669"",""60.6"",""0.0000004327743006"",""node_01"",""32.9"",""32"""
"2025-07-29T16:59:49Z,""39.29884"",""60.1"",""0.00002887"",""node_01"",""32.9"",""32.25"""
"2025-07-29T16:49:24Z,""38.9832"",""59.2"",""0.000002033830708"",""node_01"",""32.9"",""32.25"""
"2025-07-29T16:38:46Z,""38.81034"",""58.7"",""0.000206102"",""node_01"",""32.9"",""32.4375"""
"2025-07-29T16:28:07Z,""38.8139"",""58"",""0.000137268"",""node_01"",""33"",""32.75"""
"2025-07-29T16:17:29Z,""38.57446"",""57.3"",""0.000052182"",""node_01"",""33"",""32.6875"""
"2025-07-29T16:07:04Z,""38.54055"",""57.2"",""0.00000610765987"",""node_01"",""33"",""32.875"""
"2025-07-29T15:56:39Z,""38.27183"",""56.4"",""0.00001435"",""node_01"",""33"",""32.6875"""
"2025-07-29T15:45:35Z,""38.03817"",""56.4"",""0.000206102"",""node_01"",""32.9"",""33.0625"""
"2025-07-29T15:35:10Z,""37.94023"",""56.1"",""0.000758342"",""node_01"",""32.9"",""33.375"""
"2025-07-29T10:48:23Z,""32.63801"",""74.5"",""0.000137268"",""node_01"",""28.6"",""33.375"""
"2025-07-29T10:38:04Z,""32.40938"",""75.9"",""0.000052182"",""node_01"",""28.4"",""32.5625"""
"2025-07-29T10:27:25Z,""32.00482"",""76.3"",""0.00002887"",""node_01"",""28.2"",""32.375"""
"2025-07-28T13:52:09Z,""36.80661"",""63.9"",""0.000052182"",""node_01"",""31.4"",""33.6875"""
"2025-07-28T13:39:54Z,""36.4516"",""63.5"",""0.00002887"",""node_01"",""31.3"",""33.875"""
"2025-07-28T13:27:20Z,""35.81089"",""64.6"",""0.00000610765987"",""node_01"",""30.9"",""33.625"""
"2025-07-28T13:14:31Z,""29.6077"",""74.3"",""0.00001435"",""node_01"",""27.2"",""33.4375"""
"2025-07-26T14:46:11Z,""36.75211"",""53"",""0.000137268"",""node_01"",""32.8"",""34.75"""
"2025-07-26T14:34:36Z,""36.86691"",""54.1"",""0.00001435"",""node_01"",""32.7"",""34.4375"""
"2025-07-26T14:24:03Z,""36.6334"",""52.6"",""0.00001435"",""node_01"",""32.8"",""34.8125"""
"2025-07-26T14:12:47Z,""36.2362"",""53.4"",""0.000087206"",""node_01"",""32.5"",""35.9375"""
"2025-07-26T14:01:48Z,""36.04464"",""54.2"",""0.000297855"",""node_01"",""32.3"",""35.375"""
"2025-07-26T13:50:51Z,""35.54908"",""53.9"",""0.00001435"",""node_01"",""32.1"",""35.3125"""
"2025-07-26T13:36:54Z,""35.52219"",""53.8"",""0.00001435"",""node_01"",""32.1"",""35.75"""
"2025-07-26T13:20:29Z,""35.11933"",""53.8"",""0.00002887"",""node_01"",""31.9"",""35.4375"""
"2025-07-26T13:09:49Z,""34.8747"",""54.4"",""0.000206102"",""node_01"",""31.7"",""33.875"""
"2025-07-26T12:58:45Z,""34.26406"",""54.3"",""0.000052182"",""node_01"",""31.4"",""34.625"""
"2025-07-26T12:48:19Z,""33.66547"",""55"",""0"",""node_01"",""31"",""35.3125"""
"2025-07-26T12:37:40Z,""33.82275"",""55.7"",""0.00001435"",""node_01"",""31"",""34.1875"""
"2025-07-26T12:27:14Z,""33.25894"",""55.7"",""0.000087206"",""node_01"",""30.7"",""34.75"""
"2025-07-26T12:16:23Z,""32.85346"",""56.4"",""0.0000004327743006"",""node_01"",""30.4"",""34.3125"""
"2025-07-26T12:03:12Z,""32.41104"",""56.9"",""0.00000610765987"",""node_01"",""30.1"",""34.6875"""
"2025-07-26T11:52:47Z,""31.92087"",""57.1"",""0"",""node_01"",""29.8"",""34.125"""
"2025-07-26T11:41:05Z,""31.96099"",""59.3"",""0.00002887"",""node_01"",""29.6"",""34.4375"""
"2025-07-26T11:29:10Z,""31.6415"",""59.5"",""0.00001435"",""node_01"",""29.4"",""32.875"""
"2025-07-26T11:18:18Z,""31.67328"",""61.8"",""0.000052182"",""node_01"",""29.2"",""33.9375"""
"2025-07-26T11:07:40Z,""31.36224"",""62.1"",""0.002494235"",""node_01"",""29"",""33.5625"""
"2025-07-26T10:57:15Z,""30.91057"",""63.8"",""0.000206102"",""node_01"",""28.6"",""32.125"""
"2025-07-26T10:44:40Z,""30.56004"",""63.8"",""0.00001435"",""node_01"",""28.4"",""34.75"""
"2025-07-26T10:34:14Z,""30.39324"",""66.5"",""0.00001435"",""node_01"",""28.1"",""34.3125"""
"2025-07-26T10:21:15Z,""29.82188"",""66.1"",""0.000087206"",""node_01"",""27.8"",""32.875"""
"2025-07-26T10:10:11Z,""29.96091"",""67.3"",""0.00000610765987"",""node_01"",""27.8"",""30.125"""
"2025-07-26T09:59:45Z,""29.55991"",""68.4"",""0.000137268"",""node_01"",""27.5"",""31.5625"""
"2025-07-26T09:48:48Z,""29.45813"",""69.1"",""0.000206102"",""node_01"",""27.4"",""28.625"""
"2025-07-26T09:38:28Z,""29.55987"",""70.1"",""0.00000610765987"",""node_01"",""27.4"",""30.5"""
"2025-07-26T09:27:12Z,""29.27193"",""70.8"",""0.00002887"",""node_01"",""27.2"",""31"""
"2025-07-26T09:16:21Z,""29.14914"",""71.4"",""0.000052182"",""node_01"",""27.1"",""27.5625"""
"2025-07-26T09:05:55Z,""29.02337"",""72"",""0.0000004327743006"",""node_01"",""27"",""29.5625"""
"2025-07-26T08:55:17Z,""28.88651"",""72.5"",""0.00001435"",""node_01"",""26.9"",""28.9375"""
"2025-07-26T08:44:38Z,""28.58479"",""73.2"",""0.00001435"",""node_01"",""26.7"",""27.8125"""
"2025-07-26T08:33:47Z,""28.41611"",""73.3"",""0.0000004327743006"",""node_01"",""26.6"",""26.4375"""
"2025-07-26T08:22:56Z,""28.10626"",""73.9"",""0.00000610765987"",""node_01"",""26.4"",""26"""
"2025-07-26T08:12:30Z,""27.95603"",""74.3"",""0.000137268"",""node_01"",""26.3"",""25.5"""
"2025-07-26T08:01:45Z,""27.65168"",""75.1"",""0.00000610765987"",""node_01"",""26.1"",""24.8125"""
"2025-07-26T07:51:25Z,""26.85908"",""76.6"",""0.00002887"",""node_01"",""25.6"",""24.875"""
"2025-07-26T07:40:47Z,""25.99279"",""76.5"",""0.00000610765987"",""node_01"",""25.4"",""24.4375"""
"2025-07-26T07:30:09Z,""25.86974"",""76"",""0.00000610765987"",""node_01"",""25.3"",""23.8125"""
"2025-07-26T07:19:30Z,""25.97191"",""75.7"",""0.00002887"",""node_01"",""25.4"",""23.3125"""
"2025-07-26T07:09:04Z,""25.96146"",""75.3"",""0.000052182"",""node_01"",""25.4"",""23.125"""
"2025-07-26T06:58:13Z,""26.83871"",""75.4"",""0.000052182"",""node_01"",""25.6"",""23.1875"""
"2025-07-26T06:47:46Z,""25.96669"",""75.5"",""0.00001435"",""node_01"",""25.4"",""23.375"""
"2025-07-26T06:36:52Z,""25.9693"",""75.6"",""0.00000003084331253"",""node_01"",""25.4"",""23.375"""
"2025-07-26T06:26:25Z,""25.95885"",""75.2"",""0.000052182"",""node_01"",""25.4"",""23.375"""
"2025-07-26T06:14:36Z,""25.85147"",""75.3"",""0.000052182"",""node_01"",""25.3"",""23.1875"""
"2025-07-26T06:04:17Z,""25.83319"",""74.6"",""0.000087206"",""node_01"",""25.3"",""23"""
"2025-07-26T05:53:13Z,""25.94319"",""74.6"",""0.000087206"",""node_01"",""25.4"",""22.75"""
"2025-07-26T05:42:47Z,""25.93013"",""74.1"",""0.0000004327743006"",""node_01"",""25.4"",""22.75"""
"2025-07-26T05:32:22Z,""27.11464"",""73.7"",""0.001274888"",""node_01"",""25.8"",""22.875"""
"2025-07-26T05:21:05Z,""27.41242"",""73.2"",""0.00002887"",""node_01"",""26"",""23.25"""
"2025-07-26T05:10:39Z,""27.57626"",""73.3"",""0"",""node_01"",""26.1"",""23.5625"""
"2025-07-26T05:00:14Z,""27.4309"",""73.7"",""0.00001435"",""node_01"",""26"",""24.0625"""
"2025-07-26T04:49:41Z,""27.2811"",""74"",""0.000087206"",""node_01"",""25.9"",""24"""
"2025-07-26T04:39:09Z,""27.27467"",""73.8"",""0.000087206"",""node_01"",""25.9"",""23.75"""
"2025-07-26T04:28:17Z,""27.26503"",""73.5"",""0.00002887"",""node_01"",""25.9"",""23.75"""
"2025-07-26T04:17:51Z,""27.41612"",""73.3"",""0.001614882"",""node_01"",""26"",""23.8125"""
"2025-07-26T04:07:26Z,""27.42351"",""73.5"",""0.00000003084331253"",""node_01"",""26"",""23.8125"""
"2025-07-26T03:55:59Z,""27.27467"",""73.8"",""0.00002887"",""node_01"",""25.9"",""23.75"""
"2025-07-26T03:44:12Z,""27.27146"",""73.7"",""0.0000004327743006"",""node_01"",""25.9"",""23.6875"""
"2025-07-26T03:33:33Z,""27.26181"",""73.4"",""0.000297855"",""node_01"",""25.9"",""23.5625"""
"2025-07-26T03:22:55Z,""27.55956"",""72.9"",""0.000002033830708"",""node_01"",""26.1"",""23.5625"""
"2025-07-26T03:11:50Z,""27.55956"",""72.9"",""0.00001435"",""node_01"",""26.1"",""23.1875"""
"2025-07-26T03:00:59Z,""27.83261"",""71.9"",""0.00000610765987"",""node_01"",""26.3"",""23.1875"""
"2025-07-26T02:50:20Z,""28.01056"",""72.2"",""0.000087206"",""node_01"",""26.4"",""23.375"""
"2025-07-26T02:39:24Z,""28.02175"",""72.4"",""0.000758342"",""node_01"",""26.4"",""23.5625"""
"2025-07-26T02:28:46Z,""28.18184"",""72.3"",""0.000052182"",""node_01"",""26.5"",""23.8125"""
"2025-07-26T02:18:12Z,""28.19401"",""72.5"",""0.00001435"",""node_01"",""26.5"",""24.1875"""
"2025-07-26T02:07:13Z,""28.18184"",""72.3"",""0.00000003084331253"",""node_01"",""26.5"",""24.1875"""
"2025-07-26T01:56:22Z,""28.32391"",""71.9"",""0.000052182"",""node_01"",""26.6"",""24.125"""
"2025-07-26T01:45:56Z,""28.31737"",""71.8"",""0.00002887"",""node_01"",""26.6"",""24.1875"""
"2025-07-26T01:35:16Z,""28.32391"",""71.9"",""0.000087206"",""node_01"",""26.6"",""24"""
"2025-07-26T01:23:29Z,""28.28479"",""71.3"",""0.00001435"",""node_01"",""26.6"",""23.875"""
"2025-07-26T01:12:56Z,""28.42989"",""71"",""0.000052182"",""node_01"",""26.7"",""23.8125"""
"2025-07-26T01:02:30Z,""28.40906"",""70.7"",""0.000297855"",""node_01"",""26.7"",""23.8125"""
"2025-07-26T00:51:55Z,""28.73501"",""70.6"",""0.00002887"",""node_01"",""26.9"",""24"""
"2025-07-26T00:41:27Z,""28.68792"",""70"",""0.000052182"",""node_01"",""26.9"",""24.125"""
"2025-07-26T00:30:53Z,""28.9901"",""69.6"",""0.00001435"",""node_01"",""27.1"",""24.25"""
"2025-07-26T00:20:03Z,""29.29478"",""69.2"",""0"",""node_01"",""27.3"",""24.3125"""
"2025-07-26T00:08:51Z,""29.42791"",""68.8"",""0.000991618"",""node_01"",""27.4"",""24.5"""
"2025-07-25T23:58:31Z,""29.37785"",""68.3"",""0.00001435"",""node_01"",""27.4"",""24.6875"""
"2025-07-25T23:46:50Z,""29.53901"",""68.2"",""0.00002887"",""node_01"",""27.5"",""24.75"""
"2025-07-25T23:33:52Z,""29.34799"",""68"",""0.00000003084331253"",""node_01"",""27.4"",""24.9375"""
"2025-07-25T23:23:26Z,""29.33807"",""67.9"",""0"",""node_01"",""27.4"",""24.875"""
"2025-07-25T23:13:00Z,""29.31827"",""67.7"",""0.00000610765987"",""node_01"",""27.4"",""24.6875"""
"2025-07-25T23:01:55Z,""29.28869"",""67.4"",""0.000052182"",""node_01"",""27.4"",""24.6875"""
"2025-07-25T22:50:50Z,""29.41498"",""67"",""0.000052182"",""node_01"",""27.5"",""24.6875"""
"2025-07-25T22:40:11Z,""29.54021"",""66.6"",""0.00000610765987"",""node_01"",""27.6"",""24.625"""
"2025-07-25T22:29:46Z,""29.82188"",""66.1"",""0.001274888"",""node_01"",""27.8"",""24.8125"""
"2025-07-25T22:19:20Z,""29.94517"",""65.7"",""0.00002887"",""node_01"",""27.9"",""24.75"""
"2025-07-25T22:08:25Z,""30.06742"",""65.3"",""0.00002887"",""node_01"",""28"",""24.875"""
"2025-07-25T21:56:39Z,""30.20127"",""65"",""0.00002887"",""node_01"",""28.1"",""25.0625"""
"2025-07-25T21:45:10Z,""30.06742"",""65.3"",""0.00000610765987"",""node_01"",""28"",""25"""
"2025-07-25T21:34:03Z,""30.25197"",""65.4"",""0.0000004327743006"",""node_01"",""28.1"",""25.125"""
"2025-07-25T21:21:30Z,""30.07966"",""65.4"",""0.00002887"",""node_01"",""28"",""25.3125"""
"2025-07-25T21:10:14Z,""30.40028"",""65.2"",""0.001274888"",""node_01"",""28.2"",""25.4375"""
"2025-07-25T20:59:10Z,""30.41343"",""65.3"",""0"",""node_01"",""28.2"",""25.5625"""
"2025-07-25T20:48:13Z,""30.67065"",""64.6"",""0.00000610765987"",""node_01"",""28.4"",""25.6875"""
"2025-07-25T20:37:47Z,""30.61514"",""64.2"",""0.00002887"",""node_01"",""28.4"",""25.6875"""
"2025-07-25T20:26:58Z,""30.89593"",""63.7"",""0.000087206"",""node_01"",""28.6"",""25.8125"""
"2025-07-25T20:16:17Z,""30.99904"",""63.2"",""0.00000610765987"",""node_01"",""28.7"",""25.9375"""
"2025-07-25T20:03:34Z,""31.11576"",""62.8"",""0.000297855"",""node_01"",""28.8"",""26.1875"""
"2025-07-25T19:52:04Z,""31.37827"",""62.2"",""0.000002033830708"",""node_01"",""29"",""26.3125"""
"2025-07-25T19:41:13Z,""31.62291"",""61.5"",""0.001614882"",""node_01"",""29.2"",""26.5625"""
"2025-07-25T19:30:35Z,""31.79558"",""60.4"",""0.000052182"",""node_01"",""29.4"",""26.875"""
"2025-07-25T19:15:26Z,""32.26685"",""59"",""0"",""node_01"",""29.8"",""27.375"""
"2025-07-25T19:05:01Z,""32.44128"",""58"",""0.00000610765987"",""node_01"",""30"",""27.6875"""
"2025-07-25T18:54:32Z,""32.51569"",""55.6"",""0.00002887"",""node_01"",""30.3"",""28"""
"2025-07-25T18:41:59Z,""32.5736"",""54.1"",""0.000052182"",""node_01"",""30.5"",""28.3125"""
"2025-07-25T18:31:33Z,""32.74297"",""53.2"",""0.000137268"",""node_01"",""30.7"",""28.8125"""
"2025-07-25T18:20:42Z,""32.92876"",""52.4"",""0.00002887"",""node_01"",""30.9"",""29.3125"""
"2025-07-25T18:10:03Z,""33.0697"",""51.4"",""0.000002033830708"",""node_01"",""31.1"",""29.375"""
"2025-07-25T17:59:12Z,""33.0697"",""51.4"",""0.00001435"",""node_01"",""31.1"",""29.9375"""
"2025-07-25T17:48:46Z,""33.02815"",""51.2"",""0.000052182"",""node_01"",""31.1"",""29.875"""
"2025-07-25T17:38:08Z,""33.35823"",""50.3"",""0.000137268"",""node_01"",""31.4"",""30.1875"""
"2025-07-25T17:26:13Z,""33.42303"",""50.6"",""0.000087206"",""node_01"",""31.4"",""30.6875"""
"2025-07-25T17:13:53Z,""33.66602"",""50.9"",""0.00000003084331253"",""node_01"",""31.5"",""30.6875"""
"2025-07-25T17:02:26Z,""33.80083"",""51.5"",""0.000052182"",""node_01"",""31.5"",""30.5625"""
"2025-07-25T16:51:35Z,""34.05252"",""51.8"",""0.000052182"",""node_01"",""31.6"",""31.3125"""
"2025-07-25T16:41:09Z,""34.66362"",""52"",""0"",""node_01"",""31.9"",""31.4375"""
"2025-07-25T16:29:40Z,""34.61422"",""51.8"",""0.000087206"",""node_01"",""31.9"",""31.3125"""
"2025-07-25T16:17:58Z,""34.70523"",""51.4"",""0.00002887"",""node_01"",""32"",""31.625"""
"2025-07-25T16:07:31Z,""34.94692"",""51.6"",""0.000568779"",""node_01"",""32.1"",""32.5625"""
"2025-07-25T15:57:05Z,""34.65564"",""51.2"",""0"",""node_01"",""32"",""32.375"""
"2025-07-25T15:45:14Z,""35.04923"",""52"",""0.000052182"",""node_01"",""32.1"",""32.25"""
"2025-07-25T15:32:24Z,""34.76318"",""52.4"",""0.000137268"",""node_01"",""31.9"",""32.6875"""
"2025-07-25T15:21:32Z,""34.38129"",""52.4"",""0.000417086"",""node_01"",""31.7"",""33"""
"2025-07-25T15:10:16Z,""34.61422"",""51.8"",""0.00002887"",""node_01"",""31.9"",""33.6875"""
"2025-07-25T14:58:59Z,""34.35724"",""52.3"",""0.00002887"",""node_01"",""31.7"",""33.125"""
"2025-07-25T14:47:54Z,""34.16957"",""52.3"",""0.000052182"",""node_01"",""31.6"",""33.1875"""
"2025-07-25T14:36:07Z,""34.19059"",""51.6"",""0.000087206"",""node_01"",""31.7"",""33.375"""
"2025-07-25T14:24:06Z,""34.0069"",""52.4"",""0.000002033830708"",""node_01"",""31.5"",""33.6875"""
"2025-07-25T14:12:24Z,""33.75197"",""52.9"",""0.00001435"",""node_01"",""31.3"",""34.25"""
"2025-07-25T13:58:46Z,""33.59121"",""53"",""0.000206102"",""node_01"",""31.2"",""33.4375"""
"2025-07-25T13:47:17Z,""33.1783"",""53.6"",""0.0000004327743006"",""node_01"",""30.9"",""34"""
"2025-07-25T13:32:35Z,""32.99991"",""53.6"",""0.000206102"",""node_01"",""30.8"",""34.0625"""
"2025-07-25T13:21:57Z,""33.07343"",""53.1"",""0.000087206"",""node_01"",""30.9"",""34.0625"""
"2025-07-25T13:10:38Z,""32.58977"",""53.3"",""0.00002887"",""node_01"",""30.6"",""34.125"""
"2025-07-25T13:00:12Z,""32.43912"",""54.3"",""0.000206102"",""node_01"",""30.4"",""34.125"""
"2025-07-25T12:49:27Z,""32.28349"",""55.3"",""0.00002887"",""node_01"",""30.2"",""32.625"""
"2025-07-25T12:38:49Z,""31.97703"",""55.5"",""0.0000004327743006"",""node_01"",""30"",""33.125"""
"2025-07-25T12:27:46Z,""31.95012"",""56.3"",""0.00002887"",""node_01"",""29.9"",""33.625"""
"2025-07-25T12:16:17Z,""31.69252"",""55.8"",""0.00000610765987"",""node_01"",""29.8"",""33.5625"""
"2025-07-25T12:04:34Z,""31.44221"",""55.3"",""0.000002033830708"",""node_01"",""29.7"",""34"""
"2025-07-25T11:53:56Z,""31.32874"",""56.6"",""0.000052182"",""node_01"",""29.5"",""33.625"""
"2025-07-25T11:43:17Z,""31.10463"",""58.3"",""0.00001435"",""node_01"",""29.2"",""34.125"""
"2025-07-25T11:32:39Z,""30.91142"",""59.2"",""0.000052182"",""node_01"",""29"",""32.4375"""
"2025-07-25T11:21:15Z,""30.58446"",""59.2"",""0.000052182"",""node_01"",""28.8"",""32.875"""
"2025-07-25T11:10:06Z,""30.42846"",""60.4"",""0.0000004327743006"",""node_01"",""28.6"",""32.25"""
"2025-07-25T10:59:40Z,""30.2512"",""61.5"",""0.001274888"",""node_01"",""28.4"",""32.25"""
"2025-07-24T16:44:11Z,""33.20065"",""56.3"",""0.000052182"",""node_01"",""30.6"","""""
"2025-07-24T16:33:45Z,""33.28539"",""56.7"",""0.00002887"",""node_01"",""30.6"","""""
"2025-07-24T16:23:07Z,""33.70913"",""56.9"",""0.00002887"",""node_01"",""30.8"","""""
"2025-07-24T16:12:29Z,""33.72197"",""56.1"",""0.00001435"",""node_01"",""30.9"","""""
"2025-07-24T16:01:51Z,""33.58856"",""55.5"",""0.000087206"",""node_01"",""30.9"","""""
"2025-07-24T15:51:24Z,""33.32805"",""56.9"",""0.0000004327743006"",""node_01"",""30.6"","""""
"2025-07-24T15:40:58Z,""33.30155"",""55.9"",""0.00000003084331253"",""node_01"",""30.7"","""""
"2025-07-24T15:29:54Z,""32.84914"",""54.6"",""0.000758342"",""node_01"",""30.6"","""""
"2025-07-24T15:19:29Z,""32.9134"",""55.8"",""0.00002887"",""node_01"",""30.5"","""""
"2025-07-24T15:08:12Z,""33.64239"",""56.6"",""0.00001435"",""node_01"",""30.8"","""""
"2025-07-24T14:57:47Z,""33.05421"",""55.6"",""0.0000004327743006"",""node_01"",""30.6"","""""
"2025-07-24T14:46:17Z,""33.28812"",""57.6"",""0.00000610765987"",""node_01"",""30.5"","""""
"2025-07-24T14:35:26Z,""33.07866"",""57.5"",""0.00002887"",""node_01"",""30.4"","""""
"2025-07-24T14:24:57Z,""32.35479"",""58.5"",""0.000087206"",""node_01"",""29.9"","""""
"2025-07-24T14:14:31Z,""32.7128"",""59.4"",""0.00001435"",""node_01"",""30"","""""
"2025-07-24T14:03:15Z,""32.96231"",""59.7"",""0.00000610765987"",""node_01"",""30.1"","""""
"2025-07-24T13:52:23Z,""32.97561"",""57"",""0.000052182"",""node_01"",""30.4"","""""
"2025-07-24T13:41:58Z,""33.01487"",""58.1"",""0.000052182"",""node_01"",""30.3"","""""
"2025-07-24T13:31:19Z,""33.22248"",""59.1"",""0.001274888"",""node_01"",""30.3"","""""
"2025-07-24T13:20:53Z,""32.80134"",""58.9"",""0.000087206"",""node_01"",""30.1"","""""
"2025-07-24T13:10:03Z,""32.32281"",""59.3"",""0.000052182"",""node_01"",""29.8"","""""
"2025-07-23T18:24:31Z,""37.56413"",""65.6"",""0.00002887"",""node_01"",""31.5"","""""
"2025-07-23T17:38:55Z,""39.19976"",""62"",""0.00002887"",""node_01"",""32.6"","""""
"2025-07-23T17:28:18Z,""38.83994"",""61.7"",""0.000297855"",""node_01"",""32.5"","""""
"2025-07-23T17:17:32Z,""39.58425"",""60.9"",""0.00002887"",""node_01"",""32.9"","""""
"2025-07-23T17:04:20Z,""39.26348"",""60"",""0.000002033830708"",""node_01"",""32.9"","""""
"2025-07-23T16:52:28Z,""39.70086"",""59.8"",""0.00000610765987"",""node_01"",""33.1"","""""
"2025-07-23T16:41:05Z,""39.91953"",""59"",""0.000297855"",""node_01"",""33.3"","""""
"2025-07-23T16:28:17Z,""39.33837"",""57.4"",""0.00001435"",""node_01"",""33.3"","""""
"2025-07-23T16:17:28Z,""40.32109"",""58.7"",""0.00002887"",""node_01"",""33.5"","""""
"2025-07-23T16:06:26Z,""40.32109"",""58.7"",""0.00002887"",""node_01"",""33.5"","""""
"2025-07-23T15:54:42Z,""40.09524"",""58.1"",""0.000087206"",""node_01"",""33.5"","""""
"2025-07-23T15:44:06Z,""39.91551"",""58.3"",""0.000052182"",""node_01"",""33.4"","""""
"2025-07-23T15:30:54Z,""40.17623"",""59"",""0.00001435"",""node_01"",""33.4"","""""
"2025-07-23T15:20:06Z,""40.32109"",""58.7"",""0.000052182"",""node_01"",""33.5"","""""
"2025-07-23T15:07:48Z,""40.13876"",""58.9"",""0.000991618"",""node_01"",""33.4"","""""
"2025-07-22T20:52:55Z,""35.29038"",""66.2"",""0.000206102"",""node_01"",""30.5"","""""
"2025-07-22T20:41:11Z,""36.05383"",""65.5"",""0.000052182"",""node_01"",""30.9"","""""
"2025-07-22T20:30:39Z,""36.16314"",""65.9"",""0.000052182"",""node_01"",""30.9"","""""
"2025-07-22T20:19:44Z,""36.65153"",""65.9"",""0.00002887"",""node_01"",""31.1"","""""
"2025-07-22T20:06:32Z,""37.28096"",""65.5"",""0.00002887"",""node_01"",""31.4"","""""
"2025-07-22T19:55:36Z,""37.38072"",""65"",""0.000137268"",""node_01"",""31.5"","""""
"2025-07-22T19:44:22Z,""37.95145"",""64.4"",""0.000137268"",""node_01"",""31.8"","""""
"2025-07-22T19:32:15Z,""38.39175"",""63.4"",""0.000087206"",""node_01"",""32.1"","""""
"2025-07-22T19:18:15Z,""38.58689"",""61.7"",""0.031369392"",""node_01"",""32.4"","""""
"2025-07-22T19:01:33Z,""39.29884"",""60.1"",""0.00001435"",""node_01"",""32.9"","""""
"2025-07-22T18:50:43Z,""39.55625"",""58.7"",""0.000297855"",""node_01"",""33.2"","""""
"2025-07-22T18:39:00Z,""39.25523"",""55.8"",""0.001274888"",""node_01"",""33.5"","""""
"2025-07-22T18:28:24Z,""39.093"",""54"",""0.000052182"",""node_01"",""33.7"","""""
"2025-07-22T18:16:18Z,""39.60392"",""54.1"",""0.000087206"",""node_01"",""33.9"","""""
"2025-07-22T18:05:38Z,""39.08361"",""52"",""0.00001435"",""node_01"",""34"","""""
"2025-07-22T17:54:49Z,""39.91626"",""53"",""0.000052182"",""node_01"",""34.2"","""""
"2025-07-22T17:42:30Z,""39.8047"",""52.7"",""0.00002887"",""node_01"",""34.2"","""""
"2025-07-22T17:30:36Z,""39.95361"",""53.1"",""0.000052182"",""node_01"",""34.2"","""""
"2025-07-22T17:18:05Z,""39.38655"",""52.2"",""0.000758342"",""node_01"",""34.1"","""""
"2025-07-22T17:06:51Z,""40.01204"",""53.9"",""0.000137268"",""node_01"",""34.1"","""""
"2025-07-22T16:53:48Z,""40.2705"",""53.3"",""0.000087206"",""node_01"",""34.3"","""""
"2025-07-22T16:42:28Z,""40.56267"",""54.7"",""0.000087206"",""node_01"",""34.2"","""""
"2025-07-22T16:30:44Z,""40.42954"",""55"",""0.000002033830708"",""node_01"",""34.1"","""""
"2025-07-22T15:55:35Z,""42.5992"",""66.5"",""0.0000004327743006"",""node_01"",""33.2"","""""
"2025-07-22T10:41:18Z,""33.80482"",""72"",""0.00002887"",""node_01"",""29.3"","""""
"2025-07-22T10:28:44Z,""33.14256"",""72.2"",""0.000052182"",""node_01"",""29"","""""
"2025-07-22T10:16:49Z,""32.95042"",""72.4"",""0.00000610765987"",""node_01"",""28.9"","""""
"2025-07-22T10:03:17Z,""32.54973"",""72.7"",""0.000052182"",""node_01"",""28.7"","""""
"2025-07-22T09:52:40Z,""32.11963"",""72.8"",""0.000052182"",""node_01"",""28.5"","""""
"2025-07-22T09:39:49Z,""31.93176"",""73"",""0.00001435"",""node_01"",""28.4"","""""
"2025-07-22T09:28:21Z,""31.52733"",""73.2"",""0.000087206"",""node_01"",""28.2"","""""
"2025-07-22T09:14:56Z,""31.00405"",""72.5"",""0.001614882"",""node_01"",""28"","""""
"2025-07-22T09:03:44Z,""30.94561"",""73.6"",""0.000087206"",""node_01"",""27.9"","""""
"2025-07-22T08:49:41Z,""30.6555"",""74.6"",""0.00001435"",""node_01"",""27.7"","""""
"2025-07-22T08:38:51Z,""30.3442"",""75.5"",""0.00002887"",""node_01"",""27.5"","""""
"2025-07-22T08:27:35Z,""30.0144"",""76.3"",""0.00001435"",""node_01"",""27.3"","""""
"2025-07-22T08:13:21Z,""29.64975"",""76.8"",""0.00002887"",""node_01"",""27.1"","""""
"2025-07-22T07:57:14Z,""29.63058"",""76.6"",""0.000052182"",""node_01"",""27.1"","""""
"2025-07-22T07:45:31Z,""29.63058"",""76.6"",""0.00002887"",""node_01"",""27.1"","""""
"2025-07-22T07:25:49Z,""29.42676"",""76.6"",""0.000052182"",""node_01"",""27"","""""
"2025-07-22T07:13:30Z,""29.41774"",""76.5"",""0.00001435"",""node_01"",""27"","""""
"2025-07-22T07:02:25Z,""29.21719"",""76.5"",""0.000137268"",""node_01"",""26.9"","""""
"2025-07-22T06:50:19Z,""29.22566"",""76.6"",""0.000052182"",""node_01"",""26.9"","""""
"2025-07-22T06:37:19Z,""29.03522"",""76.7"",""0.000087206"",""node_01"",""26.8"","""""
"2025-07-22T06:23:19Z,""28.84643"",""76.8"",""0.000297855"",""node_01"",""26.7"","""""
"2025-07-22T06:12:01Z,""28.67306"",""77.1"",""0.000002033830708"",""node_01"",""26.6"","""""
"2025-07-22T06:01:25Z,""28.46748"",""76.9"",""0.000297855"",""node_01"",""26.5"","""""
"2025-07-22T05:50:48Z,""28.27259"",""76.8"",""0.00000610765987"",""node_01"",""26.4"","""""
"2025-07-22T05:38:16Z,""28.45481"",""76.7"",""0"",""node_01"",""26.5"","""""
"2025-07-22T05:25:53Z,""28.61816"",""76.3"",""0.00001435"",""node_01"",""26.6"","""""
"2025-07-22T05:09:03Z,""28.625"",""76.4"",""0.000052182"",""node_01"",""26.6"","""""
"2025-07-22T04:55:40Z,""28.80212"",""76.2"",""0.001274888"",""node_01"",""26.7"","""""
"2025-07-22T04:38:41Z,""28.79476"",""76.1"",""0.000087206"",""node_01"",""26.7"","""""
"2025-07-22T04:27:38Z,""28.80948"",""76.3"",""0.0000004327743006"",""node_01"",""26.7"","""""
"2025-07-22T04:14:41Z,""29.14978"",""75.7"",""0.000002033830708"",""node_01"",""26.9"","""""
"2025-07-22T03:45:07Z,""29.31039"",""75.3"",""0.00000610765987"",""node_01"",""27"","""""
"2025-07-22T03:33:27Z,""29.46959"",""74.9"",""0.001274888"",""node_01"",""27.1"","""""
"2025-07-22T03:23:02Z,""29.6471"",""74.7"",""0.000002033830708"",""node_01"",""27.2"","""""
"2025-07-22T03:11:34Z,""29.63723"",""74.6"",""0.00002887"",""node_01"",""27.2"","""""
"2025-07-22T03:00:24Z,""29.83557"",""74.6"",""0.00000610765987"",""node_01"",""27.3"","""""
"2025-07-22T02:49:16Z,""29.80444"",""74.3"",""0.00000610765987"",""node_01"",""27.3"","""""
"2025-07-22T02:38:27Z,""29.99295"",""74.2"",""0.00000610765987"",""node_01"",""27.4"","""""
"2025-07-22T02:27:13Z,""30.00383"",""74.3"",""0.000568779"",""node_01"",""27.4"","""""
"2025-07-22T02:16:10Z,""29.97123"",""74"",""0.00000610765987"",""node_01"",""27.4"","""""
"2025-07-22T02:03:14Z,""30.10365"",""73.4"",""0.000052182"",""node_01"",""27.5"","""""
"2025-07-22T01:51:59Z,""30.29169"",""73.3"",""0.000052182"",""node_01"",""27.6"","""""
"2025-07-22T01:36:14Z,""30.29169"",""73.3"",""0.000137268"",""node_01"",""27.6"","""""
"2025-07-22T01:22:00Z,""30.2799"",""73.2"",""0"",""node_01"",""27.6"","""""
"2025-07-22T01:09:53Z,""30.46898"",""73.1"",""0.00002887"",""node_01"",""27.7"","""""
"2025-07-22T00:58:23Z,""30.45669"",""73"",""0.00002887"",""node_01"",""27.7"","""""
"2025-07-22T00:47:46Z,""30.44442"",""72.9"",""0.00000610765987"",""node_01"",""27.7"","""""
"2025-07-22T00:35:35Z,""30.25637"",""73"",""0.000206102"",""node_01"",""27.6"","""""
"2025-07-22T00:25:09Z,""30.44442"",""72.9"",""0.000206102"",""node_01"",""27.7"","""""
"2025-07-22T00:13:01Z,""30.78539"",""72.4"",""0.00001435"",""node_01"",""27.9"","""""
"2025-07-21T23:57:05Z,""30.7195"",""71.9"",""0.000137268"",""node_01"",""27.9"","""""
"2025-07-21T23:43:26Z,""30.7195"",""71.9"",""0.084698066"",""node_01"",""27.9"","""""
"2025-07-21T23:32:49Z,""30.73264"",""72"",""0.00000610765987"",""node_01"",""27.9"","""""
"2025-07-21T23:20:30Z,""30.7195"",""71.9"",""0.00000003084331253"",""node_01"",""27.9"","""""
"2025-07-21T23:06:28Z,""30.69329"",""71.7"",""0.000087206"",""node_01"",""27.9"","""""
"2025-07-21T22:55:49Z,""30.86727"",""71.5"",""0.000052182"",""node_01"",""28"","""""
"2025-07-21T22:38:00Z,""30.84018"",""71.3"",""0.00001435"",""node_01"",""28"","""""
"2025-07-21T22:27:36Z,""30.65413"",""71.4"",""0.000087206"",""node_01"",""27.9"","""""
"2025-07-21T22:17:12Z,""30.98574"",""70.9"",""0.00001435"",""node_01"",""28.1"","""""
"2025-07-21T21:59:19Z,""30.97179"",""70.8"",""0.000052182"",""node_01"",""28.1"","""""
"2025-07-21T21:48:30Z,""31.10126"",""70.3"",""0.00000610765987"",""node_01"",""28.2"","""""
"2025-07-21T21:37:54Z,""31.44517"",""69.9"",""0.000087206"",""node_01"",""28.4"","""""
"2025-07-21T21:24:54Z,""31.41463"",""69.7"",""0.000137268"",""node_01"",""28.4"","""""
"2025-07-21T21:14:17Z,""31.1698"",""69.4"",""0"",""node_01"",""28.3"","""""
"2025-07-21T20:59:01Z,""31.33872"",""69.2"",""0.000052182"",""node_01"",""28.4"","""""
"2025-07-21T20:48:37Z,""31.33872"",""69.2"",""0"",""node_01"",""28.4"","""""
"2025-07-21T20:37:15Z,""31.79908"",""68.3"",""0.00001435"",""node_01"",""28.7"","""""
"2025-07-21T20:18:24Z,""31.78267"",""68.2"",""0.000087206"",""node_01"",""28.7"","""""
"2025-07-21T20:07:53Z,""32.05222"",""67.4"",""0.000002033830708"",""node_01"",""28.9"","""""
"2025-07-21T19:56:13Z,""32.48417"",""66.4"",""0.000052182"",""node_01"",""29.2"","""""
"2025-07-21T19:42:46Z,""32.70487"",""65.4"",""0.000052182"",""node_01"",""29.4"","""""
"2025-07-21T19:16:52Z,""32.85129"",""65.1"",""0.000002033830708"",""node_01"",""29.5"","""""
"2025-07-21T19:06:27Z,""33.0822"",""64.2"",""0.000052182"",""node_01"",""29.7"","""""
"2025-07-21T18:54:47Z,""33.721"",""63.3"",""0.00001435"",""node_01"",""30.1"","""""
"2025-07-21T18:41:50Z,""33.96748"",""61.6"",""0.000137268"",""node_01"",""30.4"","""""
"2025-07-21T18:30:35Z,""34.50279"",""61.2"",""0.00002887"",""node_01"",""30.7"","""""
"2025-07-21T18:18:56Z,""34.8063"",""60.7"",""0.000137268"",""node_01"",""30.9"","""""
"2025-07-21T18:04:42Z,""34.87025"",""60.1"",""0.000052182"",""node_01"",""31"","""""
"2025-07-21T17:54:06Z,""35.28135"",""59.2"",""0.000052182"",""node_01"",""31.3"","""""
"2025-07-21T17:42:50Z,""35.39109"",""58.8"",""0.00002887"",""node_01"",""31.4"","""""
"2025-07-21T17:31:09Z,""35.36481"",""58.7"",""0.00000003084331253"",""node_01"",""31.4"","""""
"2025-07-21T17:19:55Z,""35.68814"",""58.3"",""0.00002887"",""node_01"",""31.6"","""""
"2025-07-21T17:05:02Z,""37.74824"",""54.1"",""0.00000610765987"",""node_01"",""33.1"","""""
"2025-07-21T15:27:55Z,""37.96416"",""52.7"",""0.000052182"",""node_01"",""33.4"","""""
"2025-07-21T15:16:40Z,""37.68213"",""53.2"",""0.000137268"",""node_01"",""33.2"","""""
"2025-07-21T15:04:34Z,""37.52501"",""54.1"",""0.00002887"",""node_01"",""33"","""""
"2025-07-21T14:53:45Z,""37.55489"",""54.9"",""0.00002887"",""node_01"",""32.9"","""""
"2025-07-21T14:42:19Z,""37.65215"",""54.5"",""0.002018781"",""node_01"",""33"","""""
"2025-07-21T14:23:26Z,""37.46016"",""54.6"",""0.000052182"",""node_01"",""32.9"","""""
"2025-07-21T14:12:10Z,""37.01103"",""55.3"",""0.00001435"",""node_01"",""32.6"","""""
"2025-07-21T13:57:06Z,""36.91122"",""55.7"",""0.000052182"",""node_01"",""32.5"","""""
"2025-07-21T13:44:43Z,""36.44267"",""57.1"",""0.00002887"",""node_01"",""32.1"","""""
"2025-07-21T13:04:16Z,""36.26007"",""58"",""0.00002887"",""node_01"",""31.9"","""""
"2025-07-21T12:53:03Z,""36.29416"",""58.9"",""0.000206102"",""node_01"",""31.8"","""""
"2025-07-21T12:40:41Z,""35.9617"",""59.3"",""0.000297855"",""node_01"",""31.6"","""""
"2025-07-21T12:30:01Z,""35.43047"",""60.6"",""0.000087206"",""node_01"",""31.2"","""""
"2025-07-21T12:16:59Z,""35.04625"",""60.8"",""0.000002033830708"",""node_01"",""31"","""""
"2025-07-21T12:06:23Z,""34.69617"",""62"",""0.00000610765987"",""node_01"",""30.7"","""""
"2025-07-21T11:55:21Z,""34.19897"",""61.7"",""0.00002887"",""node_01"",""30.5"","""""
"2025-07-21T11:43:48Z,""34.03008"",""62.8"",""0.000206102"",""node_01"",""30.3"","""""
"2025-07-21T11:33:12Z,""33.97619"",""63.5"",""0.00000610765987"",""node_01"",""30.2"","""""
"2025-07-21T11:20:28Z,""33.28806"",""64.2"",""0.00001435"",""node_01"",""29.8"","""""
"2025-07-21T11:08:09Z,""33.07718"",""65.2"",""0.000206102"",""node_01"",""29.6"","""""
"2025-07-21T10:53:24Z,""32.99529"",""66.9"",""0.00002887"",""node_01"",""29.4"","""""
"2025-07-21T10:42:55Z,""32.67078"",""66.3"",""0.00001435"",""node_01"",""29.3"","""""
"2025-07-21T10:30:52Z,""32.35289"",""66.8"",""0.000087206"",""node_01"",""29.1"","""""
"2025-07-21T10:19:37Z,""32.00079"",""67.1"",""0.00000610765987"",""node_01"",""28.9"","""""
"2025-07-21T10:07:06Z,""31.47704"",""68.8"",""0.000052182"",""node_01"",""28.5"","""""
"2025-07-21T09:54:46Z,""31.1698"",""69.4"",""0.00002887"",""node_01"",""28.3"","""""
"2025-07-21T09:44:10Z,""30.09145"",""75.1"",""0.000087206"",""node_01"",""27.4"","""""
"2025-07-19T00:55:25Z,""33.70478"",""76.3"",""0.00002887"",""node_01"",""28.9"","""""
"2025-07-19T00:27:26Z,""33.64508"",""76"",""0.00002887"",""node_01"",""28.9"","""""
"2025-07-19T00:16:06Z,""33.83571"",""75.7"",""0.000087206"",""node_01"",""29"","""""
"2025-07-19T00:01:47Z,""34.06751"",""75.6"",""0"",""node_01"",""29.1"","""""
"2025-07-18T23:48:44Z,""34.23642"",""75.2"",""0.000137268"",""node_01"",""29.2"","""""
"2025-07-18T23:37:25Z,""34.23642"",""75.2"",""0.002018781"",""node_01"",""29.2"","""""
"2025-07-18T23:26:36Z,""34.23642"",""75.2"",""0.000087206"",""node_01"",""29.2"","""""
"2025-07-18T23:15:46Z,""34.44753"",""75"",""0.000137268"",""node_01"",""29.3"","""""
"2025-07-18T23:04:54Z,""34.44753"",""75"",""0.000137268"",""node_01"",""29.3"","""""
"2025-07-18T22:53:01Z,""34.59171"",""74.5"",""0.000087206"",""node_01"",""29.4"","""""
"2025-07-18T22:40:02Z,""34.56935"",""74.4"",""0.00001435"",""node_01"",""29.4"","""""
"2025-07-18T22:25:36Z,""34.54702"",""74.3"",""0"",""node_01"",""29.4"","""""
"2025-07-18T22:14:21Z,""34.56935"",""74.4"",""0.000087206"",""node_01"",""29.4"","""""
"2025-07-18T22:00:58Z,""34.50248"",""74.1"",""0.000002033830708"",""node_01"",""29.4"","""""
"2025-07-18T21:44:34Z,""34.45809"",""73.9"",""0.000206102"",""node_01"",""29.4"","""""
"2025-07-18T21:32:01Z,""34.59724"",""73.4"",""0.000087206"",""node_01"",""29.5"","""""
"2025-07-18T21:20:33Z,""34.91513"",""72.6"",""0.000568779"",""node_01"",""29.7"","""""
"2025-07-18T21:04:50Z,""35.04783"",""72.1"",""0.000087206"",""node_01"",""29.8"","""""
"2025-07-18T20:53:47Z,""35.40505"",""71.5"",""0.000087206"",""node_01"",""30"","""""
"2025-07-18T20:40:25Z,""35.75969"",""70.9"",""0.00001435"",""node_01"",""30.2"","""""
"2025-07-18T20:29:48Z,""35.63153"",""70.4"",""0.00001435"",""node_01"",""30.2"","""""
"2025-07-18T20:18:58Z,""35.88371"",""70.4"",""0.000052182"",""node_01"",""30.3"","""""
"2025-07-18T20:06:40Z,""36.05848"",""70.1"",""0.00002887"",""node_01"",""30.4"","""""
"2025-07-18T19:55:12Z,""35.95257"",""69.7"",""0.000052182"",""node_01"",""30.4"","""""
"2025-07-18T19:44:46Z,""36.43985"",""68.7"",""0.000052182"",""node_01"",""30.7"","""""
"2025-07-18T19:33:03Z,""36.77905"",""68.1"",""0.00002887"",""node_01"",""30.9"","""""
"2025-07-18T19:21:33Z,""37.5102"",""67.1"",""0"",""node_01"",""31.3"","""""
"2025-07-18T19:09:01Z,""37.78072"",""66.3"",""0.000087206"",""node_01"",""31.5"","""""
"2025-07-18T18:57:44Z,""38.00856"",""66.2"",""0.000087206"",""node_01"",""31.6"","""""
"2025-07-18T18:46:29Z,""38.04027"",""66.3"",""0"",""node_01"",""31.6"","""""
"2025-07-18T18:36:05Z,""38.69672"",""65.1"",""0.000137268"",""node_01"",""32"","""""
"2025-07-18T18:23:21Z,""39.14701"",""64.1"",""0.000137268"",""node_01"",""32.3"","""""
"2025-07-18T18:11:41Z,""38.90659"",""63.4"",""0.000087206"",""node_01"",""32.3"","""""
"2025-07-18T18:01:17Z,""38.96033"",""62.8"",""0.028012466"",""node_01"",""32.4"","""""
"2025-07-18T17:50:53Z,""38.75564"",""62.2"",""0.000052182"",""node_01"",""32.4"","""""
"2025-07-18T17:38:47Z,""38.8536"",""61"",""0.00002887"",""node_01"",""32.6"","""""
"2025-07-18T17:28:23Z,""39.18618"",""60.5"",""0.00000610765987"",""node_01"",""32.8"","""""
"2025-07-18T17:17:47Z,""39.3034"",""59.4"",""0.000052182"",""node_01"",""33"","""""
"2025-07-18T17:04:51Z,""39.30525"",""58"",""0.000052182"",""node_01"",""33.2"","""""
"2025-07-18T16:50:33Z,""39.94622"",""57.7"",""0.000052182"",""node_01"",""33.5"","""""
"2025-07-18T16:39:18Z,""40.01204"",""57.2"",""0.00001435"",""node_01"",""33.6"","""""
"2025-07-18T16:28:54Z,""40.25169"",""56.5"",""0.00001435"",""node_01"",""33.8"","""""
"2025-07-18T16:18:18Z,""40.38905"",""56.2"",""0.00000003084331253"",""node_01"",""33.9"","""""
"2025-07-18T16:07:54Z,""40.37201"",""55.5"",""0.000052182"",""node_01"",""34"","""""
"2025-07-18T15:53:53Z,""41.06453"",""54.7"",""0.00001435"",""node_01"",""34.4"","""""
"2025-07-18T15:43:16Z,""41.34593"",""55.4"",""0.000297855"",""node_01"",""34.4"","""""
"2025-07-18T15:31:23Z,""41.61533"",""54.8"",""0.00002887"",""node_01"",""34.6"","""""
"2025-07-18T15:20:20Z,""41.74883"",""54.5"",""0.000206102"",""node_01"",""34.7"","""""
"2025-07-18T15:09:31Z,""41.53317"",""54.6"",""0.00002887"",""node_01"",""34.6"","""""
"2025-07-18T14:57:39Z,""41.36992"",""54.2"",""0.00002887"",""node_01"",""34.6"","""""
"2025-07-18T14:47:15Z,""41.03711"",""54"",""0.000758342"",""node_01"",""34.5"","""""
"2025-07-18T14:35:35Z,""40.73415"",""54.5"",""0.00002887"",""node_01"",""34.3"","""""
"2025-07-18T14:23:54Z,""40.73415"",""54.5"",""0.000087206"",""node_01"",""34.3"","""""
"2025-07-18T14:13:31Z,""40.25763"",""55.2"",""0"",""node_01"",""34"","""""
"2025-07-18T14:03:07Z,""39.95106"",""55.7"",""0.000137268"",""node_01"",""33.8"","""""
"2025-07-18T13:52:18Z,""39.97334"",""55.1"",""0.0000004327743006"",""node_01"",""33.9"","""""
"2025-07-18T13:39:59Z,""39.08515"",""56"",""0.00001435"",""node_01"",""33.4"","""""
"2025-07-18T13:27:04Z,""38.77647"",""55.8"",""0.000052182"",""node_01"",""33.3"","""""
"2025-07-18T13:13:16Z,""38.30247"",""57.2"",""0.000087206"",""node_01"",""32.9"","""""
"2025-07-18T13:02:14Z,""37.60862"",""56.5"",""0.0000004327743006"",""node_01"",""32.7"","""""
"2025-07-18T12:47:07Z,""37.02098"",""56.8"",""0.000002033830708"",""node_01"",""32.4"","""""
"2025-07-18T12:36:18Z,""37.17406"",""58.8"",""0.00000610765987"",""node_01"",""32.2"","""""
"2025-07-18T12:25:28Z,""37.04371"",""59.9"",""0.000206102"",""node_01"",""32"","""""
"2025-07-18T12:14:40Z,""36.6059"",""59.2"",""0.000052182"",""node_01"",""31.9"","""""
"2025-07-18T12:03:13Z,""35.87392"",""60.6"",""0.000297855"",""node_01"",""31.4"","""""
"2025-07-18T11:49:39Z,""35.7108"",""62.5"",""0.00001435"",""node_01"",""31.1"","""""
"2025-07-18T11:39:15Z,""35.44127"",""63.2"",""0.000206102"",""node_01"",""30.9"","""""
"2025-07-18T11:27:09Z,""35.01472"",""65.1"",""0.00000610765987"",""node_01"",""30.5"","""""
"2025-07-18T11:14:12Z,""34.55156"",""66"",""0.000052182"",""node_01"",""30.2"","""""
"2025-07-18T10:58:03Z,""33.84073"",""65.8"",""0.00002887"",""node_01"",""29.9"","""""
"2025-07-18T10:47:39Z,""33.56038"",""65.5"",""0.00001435"",""node_01"",""29.8"","""""
"2025-07-18T10:35:08Z,""33.78729"",""69.7"",""0.00000610765987"",""node_01"",""29.5"","""""
"2025-07-18T10:23:52Z,""33.65941"",""71.3"",""0.000087206"",""node_01"",""29.3"","""""
"2025-07-18T10:12:36Z,""32.70943"",""71.1"",""0.000206102"",""node_01"",""28.9"","""""
"2025-07-18T09:59:12Z,""32.29088"",""72.5"",""0.000052182"",""node_01"",""28.6"","""""
"2025-07-18T09:42:51Z,""32.04506"",""73.7"",""0.00002887"",""node_01"",""28.4"","""""
"2025-07-18T09:31:49Z,""31.6028"",""73.7"",""0.00001435"",""node_01"",""28.2"","""""
"2025-07-18T09:20:47Z,""31.56242"",""74.9"",""0.00002887"",""node_01"",""28.1"","""""
"2025-07-18T09:09:31Z,""31.34504"",""76.5"",""0.00000610765987"",""node_01"",""27.9"","""""
"2025-07-18T08:59:08Z,""31.06729"",""77.8"",""0.000002033830708"",""node_01"",""27.7"","""""
"2025-07-18T08:46:10Z,""30.70033"",""78.5"",""0.000002033830708"",""node_01"",""27.5"","""""
"2025-07-18T08:34:44Z,""30.48627"",""78.6"",""0.00002887"",""node_01"",""27.4"","""""
"2025-07-18T08:21:35Z,""30.44016"",""80.2"",""0.00001435"",""node_01"",""27.3"","""""
"2025-07-18T08:09:56Z,""30.24203"",""80.5"",""0.000087206"",""node_01"",""27.2"","""""
"2025-07-18T07:58:54Z,""30.03322"",""80.7"",""0.000206102"",""node_01"",""27.1"","""""
"2025-07-18T07:48:31Z,""29.82493"",""80.9"",""0.000137268"",""node_01"",""27"","""""
"2025-07-18T07:36:09Z,""29.59045"",""80.8"",""0.00000610765987"",""node_01"",""26.9"","""""
"2025-07-18T07:22:22Z,""29.78703"",""80.5"",""0.000052182"",""node_01"",""27"","""""
"2025-07-18T07:11:46Z,""30.02316"",""80.6"",""0.000137268"",""node_01"",""27.1"","""""
"2025-07-18T07:01:22Z,""30.24203"",""80.5"",""0"",""node_01"",""27.2"","""""
"2025-07-18T06:50:21Z,""30.22078"",""80.3"",""0.00002887"",""node_01"",""27.2"","""""
"2025-07-18T06:39:32Z,""30.6612"",""80.1"",""0.00001435"",""node_01"",""27.4"","""""
"2025-07-18T06:23:10Z,""30.46258"",""80.4"",""0.000087206"",""node_01"",""27.3"","""""
"2025-07-18T06:06:38Z,""30.26334"",""80.7"",""0.000206102"",""node_01"",""27.2"","""""
"2025-07-18T05:56:15Z,""30.49631"",""80.7"",""0.00000003084331253"",""node_01"",""27.3"","""""
"2025-07-18T05:45:13Z,""30.05338"",""80.9"",""0.000568779"",""node_01"",""27.1"","""""
"2025-07-18T05:33:59Z,""30.26334"",""80.7"",""0.00002887"",""node_01"",""27.2"","""""
"2025-07-18T05:23:36Z,""30.06348"",""81"",""0.00000610765987"",""node_01"",""27.1"","""""
"2025-07-18T05:12:34Z,""29.65296"",""81.5"",""0.000052182"",""node_01"",""26.9"","""""
"2025-07-18T05:02:10Z,""29.6709"",""81.7"",""0.000137268"",""node_01"",""26.9"","""""
"2025-07-18T04:49:52Z,""29.68889"",""81.9"",""0.000052182"",""node_01"",""26.9"","""""
"2025-07-18T04:38:38Z,""29.66192"",""81.6"",""0.00002887"",""node_01"",""26.9"","""""
"2025-07-18T04:24:50Z,""29.86301"",""81.3"",""0.000087206"",""node_01"",""27"","""""
"2025-07-18T04:14:14Z,""30.22078"",""80.3"",""0.000087206"",""node_01"",""27.2"","""""
"2025-07-18T03:56:26Z,""29.98303"",""80.2"",""0.000137268"",""node_01"",""27.1"","""""
"2025-07-18T03:44:42Z,""30.15734"",""79.7"",""0.003049359"",""node_01"",""27.2"","""""
"2025-07-18T03:33:27Z,""30.33999"",""79.3"",""0.000137268"",""node_01"",""27.3"","""""
"2025-07-18T03:20:29Z,""30.31788"",""79.1"",""0.00001435"",""node_01"",""27.3"","""""
"2025-07-18T03:09:53Z,""30.28484"",""78.8"",""0.000087206"",""node_01"",""27.3"","""""
"2025-07-18T02:55:11Z,""30.47473"",""78.5"",""0.000568779"",""node_01"",""27.4"","""""
"2025-07-18T02:44:10Z,""30.24097"",""78.4"",""0.00000003084331253"",""node_01"",""27.3"","""""
"2025-07-18T02:32:05Z,""30.40581"",""77.9"",""0"",""node_01"",""27.4"","""""
"2025-07-18T02:17:03Z,""30.41726"",""78"",""0.00002887"",""node_01"",""27.4"","""""
"2025-07-18T02:03:55Z,""30.39438"",""77.8"",""0"",""node_01"",""27.4"","""""
"2025-07-18T01:51:58Z,""30.41726"",""78"",""0.00002887"",""node_01"",""27.4"","""""
"2025-07-18T01:40:53Z,""30.20822"",""78.1"",""0.000052182"",""node_01"",""27.3"","""""
"2025-07-18T01:30:09Z,""30.24097"",""78.4"",""0.0000004327743006"",""node_01"",""27.3"","""""
"2025-07-18T01:19:39Z,""30.49783"",""78.7"",""0.000206102"",""node_01"",""27.4"","""""
"2025-07-18T01:08:24Z,""30.56748"",""79.3"",""0.000052182"",""node_01"",""27.4"","""""
"2025-07-18T00:56:18Z,""30.81003"",""79.4"",""0.001614882"",""node_01"",""27.5"","""""
"2025-07-18T00:45:14Z,""31.00524"",""79.1"",""0.000137268"",""node_01"",""27.6"","""""
"2025-07-18T00:30:39Z,""31.01806"",""79.2"",""0.00001435"",""node_01"",""27.6"","""""
"2025-07-18T00:19:12Z,""31.2132"",""78.9"",""0.000206102"",""node_01"",""27.7"","""""
"2025-07-18T00:07:57Z,""31.1865"",""78.7"",""0.000002033830708"",""node_01"",""27.7"","""""
"2025-07-17T23:55:00Z,""31.1865"",""78.7"",""0.000087206"",""node_01"",""27.7"","""""
"2025-07-17T23:42:41Z,""31.15988"",""78.5"",""0.00002887"",""node_01"",""27.7"","""""
"2025-07-17T23:31:37Z,""31.40773"",""78.6"",""0.000087206"",""node_01"",""27.8"","""""
"2025-07-17T23:20:09Z,""31.57281"",""78.1"",""0.000052182"",""node_01"",""27.9"","""""
"2025-07-17T23:08:55Z,""31.5297"",""77.8"",""0.022127274"",""node_01"",""27.9"","""""
"2025-07-17T22:58:31Z,""31.91041"",""77.2"",""0.000002033830708"",""node_01"",""28.1"","""""
"2025-07-17T22:41:55Z,""32.11579"",""77"",""0.000002033830708"",""node_01"",""28.2"","""""
"2025-07-17T22:31:03Z,""32.06809"",""76.7"",""0.000087206"",""node_01"",""28.2"","""""
"2025-07-17T22:19:34Z,""31.63155"",""76.9"",""0"",""node_01"",""28"","""""
"2025-07-17T22:09:10Z,""32.00482"",""76.3"",""0.00002887"",""node_01"",""28.2"","""""
"2025-07-17T21:58:46Z,""31.92626"",""75.8"",""0.000758342"",""node_01"",""28.2"","""""
"2025-07-17T21:45:56Z,""31.91062"",""75.7"",""0.00001435"",""node_01"",""28.2"","""""
"2025-07-17T21:34:52Z,""32.22566"",""74.8"",""0.000297855"",""node_01"",""28.4"","""""
"2025-07-17T21:22:57Z,""32.5327"",""73.9"",""0.000087206"",""node_01"",""28.6"","""""
"2025-07-17T21:12:18Z,""32.44571"",""73.4"",""0.000002033830708"",""node_01"",""28.6"","""""
"2025-07-17T20:59:53Z,""32.65643"",""73.3"",""0.00002887"",""node_01"",""28.7"","""""
"2025-07-17T20:48:21Z,""32.74049"",""72.5"",""0.00000610765987"",""node_01"",""28.8"","""""
"2025-07-17T20:34:58Z,""32.74049"",""72.5"",""0.000052182"",""node_01"",""28.8"","""""
"2025-07-17T20:22:11Z,""33.00864"",""71.5"",""0.000052182"",""node_01"",""29"","""""
"2025-07-17T20:06:44Z,""33.26772"",""70.5"",""0.000002033830708"",""node_01"",""29.2"","""""
"2025-07-17T19:55:26Z,""33.47686"",""69.3"",""0.000052182"",""node_01"",""29.4"","""""
"2025-07-17T19:44:08Z,""33.41552"",""69"",""0.000087206"",""node_01"",""29.4"","""""
"2025-07-17T19:33:26Z,""34.10605"",""67"",""0.0000004327743006"",""node_01"",""29.9"","""""
"2025-07-17T19:19:57Z,""34.69378"",""66.6"",""0.00001435"",""node_01"",""30.2"","""""
"2025-07-17T19:08:13Z,""34.75453"",""65.9"",""0.000206102"",""node_01"",""30.3"","""""
"2025-07-17T18:57:20Z,""34.70648"",""65.7"",""0.000052182"",""node_01"",""30.3"","""""
"2025-07-17T18:43:59Z,""35.19329"",""64.9"",""0.002018781"",""node_01"",""30.6"","""""
"2025-07-17T18:29:39Z,""34.96798"",""64"",""0.00002887"",""node_01"",""30.6"","""""
"2025-07-17T18:19:19Z,""35.29231"",""63.5"",""0.000002033830708"",""node_01"",""30.8"","""""
"2025-07-17T18:06:49Z,""36.03173"",""62"",""0.000002033830708"",""node_01"",""31.3"","""""
"2025-07-17T17:56:04Z,""35.6959"",""61.6"",""0.000052182"",""node_01"",""31.2"","""""
"2025-07-17T17:44:35Z,""35.79218"",""60.3"",""0.000417086"",""node_01"",""31.4"","""""
"2025-07-17T17:33:01Z,""36.06663"",""61.3"",""0.000052182"",""node_01"",""31.4"","""""
"2025-07-17T17:21:33Z,""35.63022"",""59.7"",""0.00002887"",""node_01"",""31.4"","""""
"2025-07-17T17:11:09Z,""36.09891"",""60.6"",""0.00000610765987"",""node_01"",""31.5"","""""
"2025-07-17T17:00:20Z,""36.21084"",""61"",""0.00000610765987"",""node_01"",""31.5"","""""
"2025-07-17T16:46:34Z,""36.29768"",""60.5"",""0.000087206"",""node_01"",""31.6"","""""
"2025-07-17T16:35:55Z,""36.10067"",""59.8"",""0.000206102"",""node_01"",""31.6"","""""
"2025-07-17T16:25:31Z,""35.90128"",""60.7"",""0.000087206"",""node_01"",""31.4"","""""
"2025-07-17T16:14:42Z,""35.46487"",""59.9"",""0.00001435"",""node_01"",""31.3"","""""
"2025-07-17T16:03:53Z,""35.68406"",""62.4"",""0.00001435"",""node_01"",""31.1"","""""
"2025-07-17T15:49:26Z,""35.58907"",""61.2"",""0.00002887"",""node_01"",""31.2"","""""
"2025-07-17T15:38:48Z,""35.6157"",""61.3"",""0.000087206"",""node_01"",""31.2"","""""
"2025-07-17T15:27:34Z,""36.01556"",""60.3"",""0.000087206"",""node_01"",""31.5"","""""
"2025-07-17T15:15:41Z,""36.04491"",""59.6"",""0.00000610765987"",""node_01"",""31.6"","""""
"2025-07-17T15:04:00Z,""36.18405"",""59.3"",""0.00002887"",""node_01"",""31.7"","""""
"2025-07-17T14:53:36Z,""36.04491"",""59.6"",""0.000087206"",""node_01"",""31.6"","""""
"2025-07-17T14:42:23Z,""35.98789"",""60.2"",""0.00002887"",""node_01"",""31.5"","""""
"2025-07-17T14:30:29Z,""36.04329"",""60.4"",""0.00000610765987"",""node_01"",""31.5"","""""
"2025-07-17T14:18:24Z,""36.03893"",""61.2"",""0.00002887"",""node_01"",""31.4"","""""
"2025-07-17T14:08:01Z,""36.03893"",""61.2"",""0.00000610765987"",""node_01"",""31.4"","""""
"2025-07-17T13:57:25Z,""35.73175"",""60.9"",""0.000087206"",""node_01"",""31.3"","""""
"2025-07-17T13:47:03Z,""35.56251"",""61.1"",""0.00002887"",""node_01"",""31.2"","""""
"2025-07-17T13:35:48Z,""35.6959"",""61.6"",""0.00002887"",""node_01"",""31.2"","""""
"2025-07-17T13:24:46Z,""34.47654"",""63.8"",""0.00000003084331253"",""node_01"",""30.4"","""""
"2025-07-17T12:39:42Z,""34.59537"",""64.3"",""0.000052182"",""node_01"",""30.4"","""""
"2025-07-17T12:21:14Z,""34.50451"",""65.8"",""0.000206102"",""node_01"",""30.2"","""""
"2025-07-17T12:05:26Z,""34.16675"",""65.3"",""0.000087206"",""node_01"",""30.1"","""""
"2025-07-17T11:53:54Z,""34.01695"",""66.6"",""0"",""node_01"",""29.9"","""""
"2025-07-17T11:40:52Z,""33.27954"",""66.2"",""0.00002887"",""node_01"",""29.6"","""""
"2025-07-17T11:19:46Z,""33.4028"",""66.8"",""0.00001435"",""node_01"",""29.6"","""""
"2025-07-17T11:08:53Z,""33.04193"",""64"",""0.000052182"",""node_01"",""29.7"","""""
"2025-07-17T10:52:06Z,""32.8708"",""65.2"",""0.000002033830708"",""node_01"",""29.5"","""""
"2025-07-17T10:37:14Z,""32.10371"",""65.4"",""0.00002887"",""node_01"",""29.1"","""""
"2025-07-17T10:26:29Z,""31.519"",""67.8"",""0.000002033830708"",""node_01"",""28.6"","""""
"2025-07-17T10:15:01Z,""31.41463"",""69.7"",""0.000052182"",""node_01"",""28.4"","""""
"2025-07-17T10:04:24Z,""31.05584"",""71.4"",""0.000137268"",""node_01"",""28.1"","""""
"2025-07-17T09:45:28Z,""30.89188"",""73.2"",""0.00002887"",""node_01"",""27.9"","""""
"2025-07-17T09:34:26Z,""30.64294"",""74.5"",""0.000137268"",""node_01"",""27.7"","""""
"2025-07-17T09:22:57Z,""30.12456"",""75.4"",""0.000052182"",""node_01"",""27.4"","""""
"2025-07-17T09:10:31Z,""29.47201"",""77.1"",""0"",""node_01"",""27"","""""
"2025-07-17T08:57:20Z,""29.33669"",""77.9"",""0.003049359"",""node_01"",""26.9"","""""
"2025-07-17T08:46:18Z,""28.84743"",""79.6"",""0.00001435"",""node_01"",""26.6"","""""
"2025-07-17T08:32:16Z,""28.46659"",""80.1"",""0.00001435"",""node_01"",""26.4"","""""
"2025-07-17T08:21:25Z,""31.50106"",""77.6"",""0.00001435"",""node_01"",""27.9"","""""
"2025-07-16T22:41:46Z,""32.35468"",""74.2"",""0.00002887"",""node_01"",""28.5"","""""
"2025-07-16T22:30:42Z,""32.30387"",""73.9"",""0.000206102"",""node_01"",""28.5"","""""
"2025-07-16T22:20:18Z,""32.49782"",""73.7"",""0.00002887"",""node_01"",""28.6"","""""
"2025-07-16T22:09:42Z,""32.49782"",""73.7"",""0.000052182"",""node_01"",""28.6"","""""
"2025-07-16T21:59:05Z,""32.46305"",""73.5"",""0.00001435"",""node_01"",""28.6"","""""
"2025-07-16T21:48:03Z,""32.94252"",""73.6"",""0.0000004327743006"",""node_01"",""28.8"","""""
"2025-07-16T21:37:27Z,""32.97964"",""73.8"",""0.000002033830708"",""node_01"",""28.8"","""""
"2025-07-16T21:27:03Z,""33.12032"",""73.3"",""0.000087206"",""node_01"",""28.9"","""""
"2025-07-16T21:16:26Z,""33.15841"",""73.5"",""0.000052182"",""node_01"",""28.9"","""""
"2025-07-16T21:05:37Z,""33.17751"",""73.6"",""0.000052182"",""node_01"",""28.9"","""""
"2025-07-16T20:54:35Z,""33.15841"",""73.5"",""0.000052182"",""node_01"",""28.9"","""""
"2025-07-16T20:44:10Z,""33.5745"",""73.2"",""0.00002887"",""node_01"",""29.1"","""""
"2025-07-16T20:33:32Z,""33.71178"",""72.7"",""0.000417086"",""node_01"",""29.2"","""""
"2025-07-16T20:23:08Z,""33.86768"",""72.3"",""0.000087206"",""node_01"",""29.3"","""""
"2025-07-16T20:12:42Z,""33.95791"",""71.6"",""0.000991618"",""node_01"",""29.4"","""""
"2025-07-16T20:02:05Z,""33.83057"",""71"",""0"",""node_01"",""29.4"","""""
"2025-07-16T19:51:41Z,""34.10529"",""70.1"",""0.000052182"",""node_01"",""29.6"","""""
"2025-07-16T19:41:17Z,""34.09569"",""69"",""0.000052182"",""node_01"",""29.7"","""""
"2025-07-16T19:30:41Z,""34.12541"",""68.1"",""0.000052182"",""node_01"",""29.8"","""""
"2025-07-16T19:20:16Z,""34.10605"",""67"",""0.000137268"",""node_01"",""29.9"","""""
"2025-07-16T19:09:53Z,""34.46579"",""66.6"",""0.00002887"",""node_01"",""30.1"","""""
"2025-07-16T18:59:28Z,""34.93425"",""65.7"",""0.000087206"",""node_01"",""30.4"","""""
